run_id,input.gff_file,input.fasta_file,input.earlgrey_gff_file,population.n_individuals,population.n_generations,mutation_rate,selection_distribution,selection_lambda1,selection_lambda2,selection_cutoff,misc.print_all_generations,population.recombination_rate
0,/home/sam/Software/PansimNuc/testing/Zymo_chr19.gff,/home/sam/Software/PansimNuc/testing/Zymo_chr19.fasta,/home/sam/Software/PansimNuc/testing/Zymo_EarlGrey_chr19.gff,50,500,1e-12,double_exp,1e14,1e14,0.1,true,1e-10
1,/home/sam/Software/PansimNuc/testing/Zymo_chr19.gff,/home/sam/Software/PansimNuc/testing/Zymo_chr19.fasta,/home/sam/Software/PansimNuc/testing/Zymo_EarlGrey_chr19.gff,50,500,1e-12,double_exp,1e14,1e14,0.1,true,1e-8
2,/home/sam/Software/PansimNuc/testing/Zymo_chr19.gff,/home/sam/Software/PansimNuc/testing/Zymo_chr19.fasta,/home/sam/Software/PansimNuc/testing/Zymo_EarlGrey_chr19.gff,50,500,1e-12,double_exp,1e14,1e14,0.1,true,1e-6
3,/home/sam/Software/PansimNuc/testing/Zymo_chr19.gff,/home/sam/Software/PansimNuc/testing/Zymo_chr19.fasta,/home/sam/Software/PansimNuc/testing/Zymo_EarlGrey_chr19.gff,50,500,1e-12,double_exp,1e14,1e14,0.5,true,1e-10
4,/home/sam/Software/PansimNuc/testing/Zymo_chr19.gff,/home/sam/Software/PansimNuc/testing/Zymo_chr19.fasta,/home/sam/Software/PansimNuc/testing/Zymo_EarlGrey_chr19.gff,50,500,1e-12,double_exp,1e14,1e14,0.5,true,1e-8
5,/home/sam/Software/PansimNuc/testing/Zymo_chr19.gff,/home/sam/Software/PansimNuc/testing/Zymo_chr19.fasta,/home/sam/Software/PansimNuc/testing/Zymo_EarlGrey_chr19.gff,50,500,1e-12,double_exp,1e14,1e14,0.5,true,1e-6
6,/home/sam/Software/PansimNuc/testing/Zymo_chr19.gff,/home/sam/Software/PansimNuc/testing/Zymo_chr19.fasta,/home/sam/Software/PansimNuc/testing/Zymo_EarlGrey_chr19.gff,50,500,1e-12,double_exp,1e14,1e14,0.9,true,1e-10
7,/home/sam/Software/PansimNuc/testing/Zymo_chr19.gff,/home/sam/Software/PansimNuc/testing/Zymo_chr19.fasta,/home/sam/Software/PansimNuc/testing/Zymo_EarlGrey_chr19.gff,50,500,1e-12,double_exp,1e14,1e14,0.9,true,1e-8
8,/home/sam/Software/PansimNuc/testing/Zymo_chr19.gff,/home/sam/Software/PansimNuc/testing/Zymo_chr19.fasta,/home/sam/Software/PansimNuc/testing/Zymo_EarlGrey_chr19.gff,50,500,1e-12,double_exp,1e14,1e14,0.9,true,1e-6
9,/home/sam/Software/PansimNuc/testing/Zymo_chr19.gff,/home/sam/Software/PansimNuc/testing/Zymo_chr19.fasta,/home/sam/Software/PansimNuc/testing/Zymo_EarlGrey_chr19.gff,50,500,1e-12,double_exp,1e14,1e7,0.1,true,1e-10
10,/home/sam/Software/PansimNuc/testing/Zymo_chr19.gff,/home/sam/Software/PansimNuc/testing/Zymo_chr19.fasta,/home/sam/Software/PansimNuc/testing/Zymo_EarlGrey_chr19.gff,50,500,1e-12,double_exp,1e14,1e7,0.1,true,1e-8
11,/home/sam/Software/PansimNuc/testing/Zymo_chr19.gff,/home/sam/Software/PansimNuc/testing/Zymo_chr19.fasta,/home/sam/Software/PansimNuc/testing/Zymo_EarlGrey_chr19.gff,50,500,1e-12,double_exp,1e14,1e7,0.1,true,1e-6
12,/home/sam/Software/PansimNuc/testing/Zymo_chr19.gff,/home/sam/Software/PansimNuc/testing/Zymo_chr19.fasta,/home/sam/Software/PansimNuc/testing/Zymo_EarlGrey_chr19.gff,50,500,1e-12,double_exp,1e14,1e7,0.5,true,1e-10
13,/home/sam/Software/PansimNuc/testing/Zymo_chr19.gff,/home/sam/Software/PansimNuc/testing/Zymo_chr19.fasta,/home/sam/Software/PansimNuc/testing/Zymo_EarlGrey_chr19.gff,50,500,1e-12,double_exp,1e14,1e7,0.5,true,1e-8
14,/home/sam/Software/PansimNuc/testing/Zymo_chr19.gff,/home/sam/Software/PansimNuc/testing/Zymo_chr19.fasta,/home/sam/Software/PansimNuc/testing/Zymo_EarlGrey_chr19.gff,50,500,1e-12,double_exp,1e14,1e7,0.5,true,1e-6
15,/home/sam/Software/PansimNuc/testing/Zymo_chr19.gff,/home/sam/Software/PansimNuc/testing/Zymo_chr19.fasta,/home/sam/Software/PansimNuc/testing/Zymo_EarlGrey_chr19.gff,50,500,1e-12,double_exp,1e14,1e7,0.9,true,1e-10
16,/home/sam/Software/PansimNuc/testing/Zymo_chr19.gff,/home/sam/Software/PansimNuc/testing/Zymo_chr19.fasta,/home/sam/Software/PansimNuc/testing/Zymo_EarlGrey_chr19.gff,50,500,1e-12,double_exp,1e14,1e7,0.9,true,1e-8
17,/home/sam/Software/PansimNuc/testing/Zymo_chr19.gff,/home/sam/Software/PansimNuc/testing/Zymo_chr19.fasta,/home/sam/Software/PansimNuc/testing/Zymo_EarlGrey_chr19.gff,50,500,1e-12,double_exp,1e14,1e7,0.9,true,1e-6
18,/home/sam/Software/PansimNuc/testing/Zymo_chr19.gff,/home/sam/Software/PansimNuc/testing/Zymo_chr19.fasta,/home/sam/Software/PansimNuc/testing/Zymo_EarlGrey_chr19.gff,50,500,1e-12,double_exp,1e14,1e1,0.1,true,1e-10
19,/home/sam/Software/PansimNuc/testing/Zymo_chr19.gff,/home/sam/Software/PansimNuc/testing/Zymo_chr19.fasta,/home/sam/Software/PansimNuc/testing/Zymo_EarlGrey_chr19.gff,50,500,1e-12,double_exp,1e14,1e1,0.1,true,1e-8
20,/home/sam/Software/PansimNuc/testing/Zymo_chr19.gff,/home/sam/Software/PansimNuc/testing/Zymo_chr19.fasta,/home/sam/Software/PansimNuc/testing/Zymo_EarlGrey_chr19.gff,50,500,1e-12,double_exp,1e14,1e1,0.1,true,1e-6
21,/home/sam/Software/PansimNuc/testing/Zymo_chr19.gff,/home/sam/Software/PansimNuc/testing/Zymo_chr19.fasta,/home/sam/Software/PansimNuc/testing/Zymo_EarlGrey_chr19.gff,50,500,1e-12,double_exp,1e14,1e1,0.5,true,1e-10
22,/home/sam/Software/PansimNuc/testing/Zymo_chr19.gff,/home/sam/Software/PansimNuc/testing/Zymo_chr19.fasta,/home/sam/Software/PansimNuc/testing/Zymo_EarlGrey_chr19.gff,50,500,1e-12,double_exp,1e14,1e1,0.5,true,1e-8
23,/home/sam/Software/PansimNuc/testing/Zymo_chr19.gff,/home/sam/Software/PansimNuc/testing/Zymo_chr19.fasta,/home/sam/Software/PansimNuc/testing/Zymo_EarlGrey_chr19.gff,50,500,1e-12,double_exp,1e14,1e1,0.5,true,1e-6
24,/home/sam/Software/PansimNuc/testing/Zymo_chr19.gff,/home/sam/Software/PansimNuc/testing/Zymo_chr19.fasta,/home/sam/Software/PansimNuc/testing/Zymo_EarlGrey_chr19.gff,50,500,1e-12,double_exp,1e14,1e1,0.9,true,1e-10
25,/home/sam/Software/PansimNuc/testing/Zymo_chr19.gff,/home/sam/Software/PansimNuc/testing/Zymo_chr19.fasta,/home/sam/Software/PansimNuc/testing/Zymo_EarlGrey_chr19.gff,50,500,1e-12,double_exp,1e14,1e1,0.9,true,1e-8
26,/home/sam/Software/PansimNuc/testing/Zymo_chr19.gff,/home/sam/Software/PansimNuc/testing/Zymo_chr19.fasta,/home/sam/Software/PansimNuc/testing/Zymo_EarlGrey_chr19.gff,50,500,1e-12,double_exp,1e14,1e1,0.9,true,1e-6
27,/home/sam/Software/PansimNuc/testing/Zymo_chr19.gff,/home/sam/Software/PansimNuc/testing/Zymo_chr19.fasta,/home/sam/Software/PansimNuc/testing/Zymo_EarlGrey_chr19.gff,50,500,1e-12,double_exp,1e7,1e14,0.1,true,1e-10
28,/home/sam/Software/PansimNuc/testing/Zymo_chr19.gff,/home/sam/Software/PansimNuc/testing/Zymo_chr19.fasta,/home/sam/Software/PansimNuc/testing/Zymo_EarlGrey_chr19.gff,50,500,1e-12,double_exp,1e7,1e14,0.1,true,1e-8
29,/home/sam/Software/PansimNuc/testing/Zymo_chr19.gff,/home/sam/Software/PansimNuc/testing/Zymo_chr19.fasta,/home/sam/Software/PansimNuc/testing/Zymo_EarlGrey_chr19.gff,50,500,1e-12,double_exp,1e7,1e14,0.1,true,1e-6
30,/home/sam/Software/PansimNuc/testing/Zymo_chr19.gff,/home/sam/Software/PansimNuc/testing/Zymo_chr19.fasta,/home/sam/Software/PansimNuc/testing/Zymo_EarlGrey_chr19.gff,50,500,1e-12,double_exp,1e7,1e14,0.5,true,1e-10
31,/home/sam/Software/PansimNuc/testing/Zymo_chr19.gff,/home/sam/Software/PansimNuc/testing/Zymo_chr19.fasta,/home/sam/Software/PansimNuc/testing/Zymo_EarlGrey_chr19.gff,50,500,1e-12,double_exp,1e7,1e14,0.5,true,1e-8
32,/home/sam/Software/PansimNuc/testing/Zymo_chr19.gff,/home/sam/Software/PansimNuc/testing/Zymo_chr19.fasta,/home/sam/Software/PansimNuc/testing/Zymo_EarlGrey_chr19.gff,50,500,1e-12,double_exp,1e7,1e14,0.5,true,1e-6
33,/home/sam/Software/PansimNuc/testing/Zymo_chr19.gff,/home/sam/Software/PansimNuc/testing/Zymo_chr19.fasta,/home/sam/Software/PansimNuc/testing/Zymo_EarlGrey_chr19.gff,50,500,1e-12,double_exp,1e7,1e14,0.9,true,1e-10
34,/home/sam/Software/PansimNuc/testing/Zymo_chr19.gff,/home/sam/Software/PansimNuc/testing/Zymo_chr19.fasta,/home/sam/Software/PansimNuc/testing/Zymo_EarlGrey_chr19.gff,50,500,1e-12,double_exp,1e7,1e14,0.9,true,1e-8
35,/home/sam/Software/PansimNuc/testing/Zymo_chr19.gff,/home/sam/Software/PansimNuc/testing/Zymo_chr19.fasta,/home/sam/Software/PansimNuc/testing/Zymo_EarlGrey_chr19.gff,50,500,1e-12,double_exp,1e7,1e14,0.9,true,1e-6
36,/home/sam/Software/PansimNuc/testing/Zymo_chr19.gff,/home/sam/Software/PansimNuc/testing/Zymo_chr19.fasta,/home/sam/Software/PansimNuc/testing/Zymo_EarlGrey_chr19.gff,50,500,1e-12,double_exp,1e7,1e7,0.1,true,1e-10
37,/home/sam/Software/PansimNuc/testing/Zymo_chr19.gff,/home/sam/Software/PansimNuc/testing/Zymo_chr19.fasta,/home/sam/Software/PansimNuc/testing/Zymo_EarlGrey_chr19.gff,50,500,1e-12,double_exp,1e7,1e7,0.1,true,1e-8
38,/home/sam/Software/PansimNuc/testing/Zymo_chr19.gff,/home/sam/Software/PansimNuc/testing/Zymo_chr19.fasta,/home/sam/Software/PansimNuc/testing/Zymo_EarlGrey_chr19.gff,50,500,1e-12,double_exp,1e7,1e7,0.1,true,1e-6
39,/home/sam/Software/PansimNuc/testing/Zymo_chr19.gff,/home/sam/Software/PansimNuc/testing/Zymo_chr19.fasta,/home/sam/Software/PansimNuc/testing/Zymo_EarlGrey_chr19.gff,50,500,1e-12,double_exp,1e7,1e7,0.5,true,1e-10
40,/home/sam/Software/PansimNuc/testing/Zymo_chr19.gff,/home/sam/Software/PansimNuc/testing/Zymo_chr19.fasta,/home/sam/Software/PansimNuc/testing/Zymo_EarlGrey_chr19.gff,50,500,1e-12,double_exp,1e7,1e7,0.5,true,1e-8
41,/home/sam/Software/PansimNuc/testing/Zymo_chr19.gff,/home/sam/Software/PansimNuc/testing/Zymo_chr19.fasta,/home/sam/Software/PansimNuc/testing/Zymo_EarlGrey_chr19.gff,50,500,1e-12,double_exp,1e7,1e7,0.5,true,1e-6
42,/home/sam/Software/PansimNuc/testing/Zymo_chr19.gff,/home/sam/Software/PansimNuc/testing/Zymo_chr19.fasta,/home/sam/Software/PansimNuc/testing/Zymo_EarlGrey_chr19.gff,50,500,1e-12,double_exp,1e7,1e7,0.9,true,1e-10
43,/home/sam/Software/PansimNuc/testing/Zymo_chr19.gff,/home/sam/Software/PansimNuc/testing/Zymo_chr19.fasta,/home/sam/Software/PansimNuc/testing/Zymo_EarlGrey_chr19.gff,50,500,1e-12,double_exp,1e7,1e7,0.9,true,1e-8
44,/home/sam/Software/PansimNuc/testing/Zymo_chr19.gff,/home/sam/Software/PansimNuc/testing/Zymo_chr19.fasta,/home/sam/Software/PansimNuc/testing/Zymo_EarlGrey_chr19.gff,50,500,1e-12,double_exp,1e7,1e7,0.9,true,1e-6
45,/home/sam/Software/PansimNuc/testing/Zymo_chr19.gff,/home/sam/Software/PansimNuc/testing/Zymo_chr19.fasta,/home/sam/Software/PansimNuc/testing/Zymo_EarlGrey_chr19.gff,50,500,1e-12,double_exp,1e7,1e1,0.1,true,1e-10
46,/home/sam/Software/PansimNuc/testing/Zymo_chr19.gff,/home/sam/Software/PansimNuc/testing/Zymo_chr19.fasta,/home/sam/Software/PansimNuc/testing/Zymo_EarlGrey_chr19.gff,50,500,1e-12,double_exp,1e7,1e1,0.1,true,1e-8
47,/home/sam/Software/PansimNuc/testing/Zymo_chr19.gff,/home/sam/Software/PansimNuc/testing/Zymo_chr19.fasta,/home/sam/Software/PansimNuc/testing/Zymo_EarlGrey_chr19.gff,50,500,1e-12,double_exp,1e7,1e1,0.1,true,1e-6
48,/home/sam/Software/PansimNuc/testing/Zymo_chr19.gff,/home/sam/Software/PansimNuc/testing/Zymo_chr19.fasta,/home/sam/Software/PansimNuc/testing/Zymo_EarlGrey_chr19.gff,50,500,1e-12,double_exp,1e7,1e1,0.5,true,1e-10
49,/home/sam/Software/PansimNuc/testing/Zymo_chr19.gff,/home/sam/Software/PansimNuc/testing/Zymo_chr19.fasta,/home/sam/Software/PansimNuc/testing/Zymo_EarlGrey_chr19.gff,50,500,1e-12,double_exp,1e7,1e1,0.5,true,1e-8
50,/home/sam/Software/PansimNuc/testing/Zymo_chr19.gff,/home/sam/Software/PansimNuc/testing/Zymo_chr19.fasta,/home/sam/Software/PansimNuc/testing/Zymo_EarlGrey_chr19.gff,50,500,1e-12,double_exp,1e7,1e1,0.5,true,1e-6
51,/home/sam/Software/PansimNuc/testing/Zymo_chr19.gff,/home/sam/Software/PansimNuc/testing/Zymo_chr19.fasta,/home/sam/Software/PansimNuc/testing/Zymo_EarlGrey_chr19.gff,50,500,1e-12,double_exp,1e7,1e1,0.9,true,1e-10
52,/home/sam/Software/PansimNuc/testing/Zymo_chr19.gff,/home/sam/Software/PansimNuc/testing/Zymo_chr19.fasta,/home/sam/Software/PansimNuc/testing/Zymo_EarlGrey_chr19.gff,50,500,1e-12,double_exp,1e7,1e1,0.9,true,1e-8
53,/home/sam/Software/PansimNuc/testing/Zymo_chr19.gff,/home/sam/Software/PansimNuc/testing/Zymo_chr19.fasta,/home/sam/Software/PansimNuc/testing/Zymo_EarlGrey_chr19.gff,50,500,1e-12,double_exp,1e7,1e1,0.9,true,1e-6
54,/home/sam/Software/PansimNuc/testing/Zymo_chr19.gff,/home/sam/Software/PansimNuc/testing/Zymo_chr19.fasta,/home/sam/Software/PansimNuc/testing/Zymo_EarlGrey_chr19.gff,50,500,1e-12,double_exp,1e1,1e14,0.1,true,1e-10
55,/home/sam/Software/PansimNuc/testing/Zymo_chr19.gff,/home/sam/Software/PansimNuc/testing/Zymo_chr19.fasta,/home/sam/Software/PansimNuc/testing/Zymo_EarlGrey_chr19.gff,50,500,1e-12,double_exp,1e1,1e14,0.1,true,1e-8
56,/home/sam/Software/PansimNuc/testing/Zymo_chr19.gff,/home/sam/Software/PansimNuc/testing/Zymo_chr19.fasta,/home/sam/Software/PansimNuc/testing/Zymo_EarlGrey_chr19.gff,50,500,1e-12,double_exp,1e1,1e14,0.1,true,1e-6
57,/home/sam/Software/PansimNuc/testing/Zymo_chr19.gff,/home/sam/Software/PansimNuc/testing/Zymo_chr19.fasta,/home/sam/Software/PansimNuc/testing/Zymo_EarlGrey_chr19.gff,50,500,1e-12,double_exp,1e1,1e14,0.5,true,1e-10
58,/home/sam/Software/PansimNuc/testing/Zymo_chr19.gff,/home/sam/Software/PansimNuc/testing/Zymo_chr19.fasta,/home/sam/Software/PansimNuc/testing/Zymo_EarlGrey_chr19.gff,50,500,1e-12,double_exp,1e1,1e14,0.5,true,1e-8
59,/home/sam/Software/PansimNuc/testing/Zymo_chr19.gff,/home/sam/Software/PansimNuc/testing/Zymo_chr19.fasta,/home/sam/Software/PansimNuc/testing/Zymo_EarlGrey_chr19.gff,50,500,1e-12,double_exp,1e1,1e14,0.5,true,1e-6
60,/home/sam/Software/PansimNuc/testing/Zymo_chr19.gff,/home/sam/Software/PansimNuc/testing/Zymo_chr19.fasta,/home/sam/Software/PansimNuc/testing/Zymo_EarlGrey_chr19.gff,50,500,1e-12,double_exp,1e1,1e14,0.9,true,1e-10
61,/home/sam/Software/PansimNuc/testing/Zymo_chr19.gff,/home/sam/Software/PansimNuc/testing/Zymo_chr19.fasta,/home/sam/Software/PansimNuc/testing/Zymo_EarlGrey_chr19.gff,50,500,1e-12,double_exp,1e1,1e14,0.9,true,1e-8
62,/home/sam/Software/PansimNuc/testing/Zymo_chr19.gff,/home/sam/Software/PansimNuc/testing/Zymo_chr19.fasta,/home/sam/Software/PansimNuc/testing/Zymo_EarlGrey_chr19.gff,50,500,1e-12,double_exp,1e1,1e14,0.9,true,1e-6
63,/home/sam/Software/PansimNuc/testing/Zymo_chr19.gff,/home/sam/Software/PansimNuc/testing/Zymo_chr19.fasta,/home/sam/Software/PansimNuc/testing/Zymo_EarlGrey_chr19.gff,50,500,1e-12,double_exp,1e1,1e7,0.1,true,1e-10
64,/home/sam/Software/PansimNuc/testing/Zymo_chr19.gff,/home/sam/Software/PansimNuc/testing/Zymo_chr19.fasta,/home/sam/Software/PansimNuc/testing/Zymo_EarlGrey_chr19.gff,50,500,1e-12,double_exp,1e1,1e7,0.1,true,1e-8
65,/home/sam/Software/PansimNuc/testing/Zymo_chr19.gff,/home/sam/Software/PansimNuc/testing/Zymo_chr19.fasta,/home/sam/Software/PansimNuc/testing/Zymo_EarlGrey_chr19.gff,50,500,1e-12,double_exp,1e1,1e7,0.1,true,1e-6
66,/home/sam/Software/PansimNuc/testing/Zymo_chr19.gff,/home/sam/Software/PansimNuc/testing/Zymo_chr19.fasta,/home/sam/Software/PansimNuc/testing/Zymo_EarlGrey_chr19.gff,50,500,1e-12,double_exp,1e1,1e7,0.5,true,1e-10
67,/home/sam/Software/PansimNuc/testing/Zymo_chr19.gff,/home/sam/Software/PansimNuc/testing/Zymo_chr19.fasta,/home/sam/Software/PansimNuc/testing/Zymo_EarlGrey_chr19.gff,50,500,1e-12,double_exp,1e1,1e7,0.5,true,1e-8
68,/home/sam/Software/PansimNuc/testing/Zymo_chr19.gff,/home/sam/Software/PansimNuc/testing/Zymo_chr19.fasta,/home/sam/Software/PansimNuc/testing/Zymo_EarlGrey_chr19.gff,50,500,1e-12,double_exp,1e1,1e7,0.5,true,1e-6
69,/home/sam/Software/PansimNuc/testing/Zymo_chr19.gff,/home/sam/Software/PansimNuc/testing/Zymo_chr19.fasta,/home/sam/Software/PansimNuc/testing/Zymo_EarlGrey_chr19.gff,50,500,1e-12,double_exp,1e1,1e7,0.9,true,1e-10
70,/home/sam/Software/PansimNuc/testing/Zymo_chr19.gff,/home/sam/Software/PansimNuc/testing/Zymo_chr19.fasta,/home/sam/Software/PansimNuc/testing/Zymo_EarlGrey_chr19.gff,50,500,1e-12,double_exp,1e1,1e7,0.9,true,1e-8
71,/home/sam/Software/PansimNuc/testing/Zymo_chr19.gff,/home/sam/Software/PansimNuc/testing/Zymo_chr19.fasta,/home/sam/Software/PansimNuc/testing/Zymo_EarlGrey_chr19.gff,50,500,1e-12,double_exp,1e1,1e7,0.9,true,1e-6
72,/home/sam/Software/PansimNuc/testing/Zymo_chr19.gff,/home/sam/Software/PansimNuc/testing/Zymo_chr19.fasta,/home/sam/Software/PansimNuc/testing/Zymo_EarlGrey_chr19.gff,50,500,1e-12,double_exp,1e1,1e1,0.1,true,1e-10
73,/home/sam/Software/PansimNuc/testing/Zymo_chr19.gff,/home/sam/Software/PansimNuc/testing/Zymo_chr19.fasta,/home/sam/Software/PansimNuc/testing/Zymo_EarlGrey_chr19.gff,50,500,1e-12,double_exp,1e1,1e1,0.1,true,1e-8
74,/home/sam/Software/PansimNuc/testing/Zymo_chr19.gff,/home/sam/Software/PansimNuc/testing/Zymo_chr19.fasta,/home/sam/Software/PansimNuc/testing/Zymo_EarlGrey_chr19.gff,50,500,1e-12,double_exp,1e1,1e1,0.1,true,1e-6
75,/home/sam/Software/PansimNuc/testing/Zymo_chr19.gff,/home/sam/Software/PansimNuc/testing/Zymo_chr19.fasta,/home/sam/Software/PansimNuc/testing/Zymo_EarlGrey_chr19.gff,50,500,1e-12,double_exp,1e1,1e1,0.5,true,1e-10
76,/home/sam/Software/PansimNuc/testing/Zymo_chr19.gff,/home/sam/Software/PansimNuc/testing/Zymo_chr19.fasta,/home/sam/Software/PansimNuc/testing/Zymo_EarlGrey_chr19.gff,50,500,1e-12,double_exp,1e1,1e1,0.5,true,1e-8
77,/home/sam/Software/PansimNuc/testing/Zymo_chr19.gff,/home/sam/Software/PansimNuc/testing/Zymo_chr19.fasta,/home/sam/Software/PansimNuc/testing/Zymo_EarlGrey_chr19.gff,50,500,1e-12,double_exp,1e1,1e1,0.5,true,1e-6
78,/home/sam/Software/PansimNuc/testing/Zymo_chr19.gff,/home/sam/Software/PansimNuc/testing/Zymo_chr19.fasta,/home/sam/Software/PansimNuc/testing/Zymo_EarlGrey_chr19.gff,50,500,1e-12,double_exp,1e1,1e1,0.9,true,1e-10
79,/home/sam/Software/PansimNuc/testing/Zymo_chr19.gff,/home/sam/Software/PansimNuc/testing/Zymo_chr19.fasta,/home/sam/Software/PansimNuc/testing/Zymo_EarlGrey_chr19.gff,50,500,1e-12,double_exp,1e1,1e1,0.9,true,1e-8
80,/home/sam/Software/PansimNuc/testing/Zymo_chr19.gff,/home/sam/Software/PansimNuc/testing/Zymo_chr19.fasta,/home/sam/Software/PansimNuc/testing/Zymo_EarlGrey_chr19.gff,50,500,1e-12,double_exp,1e1,1e1,0.9,true,1e-6
81,/home/sam/Software/PansimNuc/testing/Zymo_chr19.gff,/home/sam/Software/PansimNuc/testing/Zymo_chr19.fasta,/home/sam/Software/PansimNuc/testing/Zymo_EarlGrey_chr19.gff,50,500,1e-10,double_exp,1e14,1e14,0.1,true,1e-10
82,/home/sam/Software/PansimNuc/testing/Zymo_chr19.gff,/home/sam/Software/PansimNuc/testing/Zymo_chr19.fasta,/home/sam/Software/PansimNuc/testing/Zymo_EarlGrey_chr19.gff,50,500,1e-10,double_exp,1e14,1e14,0.1,true,1e-8
83,/home/sam/Software/PansimNuc/testing/Zymo_chr19.gff,/home/sam/Software/PansimNuc/testing/Zymo_chr19.fasta,/home/sam/Software/PansimNuc/testing/Zymo_EarlGrey_chr19.gff,50,500,1e-10,double_exp,1e14,1e14,0.1,true,1e-6
84,/home/sam/Software/PansimNuc/testing/Zymo_chr19.gff,/home/sam/Software/PansimNuc/testing/Zymo_chr19.fasta,/home/sam/Software/PansimNuc/testing/Zymo_EarlGrey_chr19.gff,50,500,1e-10,double_exp,1e14,1e14,0.5,true,1e-10
85,/home/sam/Software/PansimNuc/testing/Zymo_chr19.gff,/home/sam/Software/PansimNuc/testing/Zymo_chr19.fasta,/home/sam/Software/PansimNuc/testing/Zymo_EarlGrey_chr19.gff,50,500,1e-10,double_exp,1e14,1e14,0.5,true,1e-8
86,/home/sam/Software/PansimNuc/testing/Zymo_chr19.gff,/home/sam/Software/PansimNuc/testing/Zymo_chr19.fasta,/home/sam/Software/PansimNuc/testing/Zymo_EarlGrey_chr19.gff,50,500,1e-10,double_exp,1e14,1e14,0.5,true,1e-6
87,/home/sam/Software/PansimNuc/testing/Zymo_chr19.gff,/home/sam/Software/PansimNuc/testing/Zymo_chr19.fasta,/home/sam/Software/PansimNuc/testing/Zymo_EarlGrey_chr19.gff,50,500,1e-10,double_exp,1e14,1e14,0.9,true,1e-10
88,/home/sam/Software/PansimNuc/testing/Zymo_chr19.gff,/home/sam/Software/PansimNuc/testing/Zymo_chr19.fasta,/home/sam/Software/PansimNuc/testing/Zymo_EarlGrey_chr19.gff,50,500,1e-10,double_exp,1e14,1e14,0.9,true,1e-8
89,/home/sam/Software/PansimNuc/testing/Zymo_chr19.gff,/home/sam/Software/PansimNuc/testing/Zymo_chr19.fasta,/home/sam/Software/PansimNuc/testing/Zymo_EarlGrey_chr19.gff,50,500,1e-10,double_exp,1e14,1e14,0.9,true,1e-6
90,/home/sam/Software/PansimNuc/testing/Zymo_chr19.gff,/home/sam/Software/PansimNuc/testing/Zymo_chr19.fasta,/home/sam/Software/PansimNuc/testing/Zymo_EarlGrey_chr19.gff,50,500,1e-10,double_exp,1e14,1e7,0.1,true,1e-10
91,/home/sam/Software/PansimNuc/testing/Zymo_chr19.gff,/home/sam/Software/PansimNuc/testing/Zymo_chr19.fasta,/home/sam/Software/PansimNuc/testing/Zymo_EarlGrey_chr19.gff,50,500,1e-10,double_exp,1e14,1e7,0.1,true,1e-8
92,/home/sam/Software/PansimNuc/testing/Zymo_chr19.gff,/home/sam/Software/PansimNuc/testing/Zymo_chr19.fasta,/home/sam/Software/PansimNuc/testing/Zymo_EarlGrey_chr19.gff,50,500,1e-10,double_exp,1e14,1e7,0.1,true,1e-6
93,/home/sam/Software/PansimNuc/testing/Zymo_chr19.gff,/home/sam/Software/PansimNuc/testing/Zymo_chr19.fasta,/home/sam/Software/PansimNuc/testing/Zymo_EarlGrey_chr19.gff,50,500,1e-10,double_exp,1e14,1e7,0.5,true,1e-10
94,/home/sam/Software/PansimNuc/testing/Zymo_chr19.gff,/home/sam/Software/PansimNuc/testing/Zymo_chr19.fasta,/home/sam/Software/PansimNuc/testing/Zymo_EarlGrey_chr19.gff,50,500,1e-10,double_exp,1e14,1e7,0.5,true,1e-8
95,/home/sam/Software/PansimNuc/testing/Zymo_chr19.gff,/home/sam/Software/PansimNuc/testing/Zymo_chr19.fasta,/home/sam/Software/PansimNuc/testing/Zymo_EarlGrey_chr19.gff,50,500,1e-10,double_exp,1e14,1e7,0.5,true,1e-6
96,/home/sam/Software/PansimNuc/testing/Zymo_chr19.gff,/home/sam/Software/PansimNuc/testing/Zymo_chr19.fasta,/home/sam/Software/PansimNuc/testing/Zymo_EarlGrey_chr19.gff,50,500,1e-10,double_exp,1e14,1e7,0.9,true,1e-10
97,/home/sam/Software/PansimNuc/testing/Zymo_chr19.gff,/home/sam/Software/PansimNuc/testing/Zymo_chr19.fasta,/home/sam/Software/PansimNuc/testing/Zymo_EarlGrey_chr19.gff,50,500,1e-10,double_exp,1e14,1e7,0.9,true,1e-8
98,/home/sam/Software/PansimNuc/testing/Zymo_chr19.gff,/home/sam/Software/PansimNuc/testing/Zymo_chr19.fasta,/home/sam/Software/PansimNuc/testing/Zymo_EarlGrey_chr19.gff,50,500,1e-10,double_exp,1e14,1e7,0.9,true,1e-6
99,/home/sam/Software/PansimNuc/testing/Zymo_chr19.gff,/home/sam/Software/PansimNuc/testing/Zymo_chr19.fasta,/home/sam/Software/PansimNuc/testing/Zymo_EarlGrey_chr19.gff,50,500,1e-10,double_exp,1e14,1e1,0.1,true,1e-10
100,/home/sam/Software/PansimNuc/testing/Zymo_chr19.gff,/home/sam/Software/PansimNuc/testing/Zymo_chr19.fasta,/home/sam/Software/PansimNuc/testing/Zymo_EarlGrey_chr19.gff,50,500,1e-10,double_exp,1e14,1e1,0.1,true,1e-8
101,/home/sam/Software/PansimNuc/testing/Zymo_chr19.gff,/home/sam/Software/PansimNuc/testing/Zymo_chr19.fasta,/home/sam/Software/PansimNuc/testing/Zymo_EarlGrey_chr19.gff,50,500,1e-10,double_exp,1e14,1e1,0.1,true,1e-6
102,/home/sam/Software/PansimNuc/testing/Zymo_chr19.gff,/home/sam/Software/PansimNuc/testing/Zymo_chr19.fasta,/home/sam/Software/PansimNuc/testing/Zymo_EarlGrey_chr19.gff,50,500,1e-10,double_exp,1e14,1e1,0.5,true,1e-10
103,/home/sam/Software/PansimNuc/testing/Zymo_chr19.gff,/home/sam/Software/PansimNuc/testing/Zymo_chr19.fasta,/home/sam/Software/PansimNuc/testing/Zymo_EarlGrey_chr19.gff,50,500,1e-10,double_exp,1e14,1e1,0.5,true,1e-8
104,/home/sam/Software/PansimNuc/testing/Zymo_chr19.gff,/home/sam/Software/PansimNuc/testing/Zymo_chr19.fasta,/home/sam/Software/PansimNuc/testing/Zymo_EarlGrey_chr19.gff,50,500,1e-10,double_exp,1e14,1e1,0.5,true,1e-6
105,/home/sam/Software/PansimNuc/testing/Zymo_chr19.gff,/home/sam/Software/PansimNuc/testing/Zymo_chr19.fasta,/home/sam/Software/PansimNuc/testing/Zymo_EarlGrey_chr19.gff,50,500,1e-10,double_exp,1e14,1e1,0.9,true,1e-10
106,/home/sam/Software/PansimNuc/testing/Zymo_chr19.gff,/home/sam/Software/PansimNuc/testing/Zymo_chr19.fasta,/home/sam/Software/PansimNuc/testing/Zymo_EarlGrey_chr19.gff,50,500,1e-10,double_exp,1e14,1e1,0.9,true,1e-8
107,/home/sam/Software/PansimNuc/testing/Zymo_chr19.gff,/home/sam/Software/PansimNuc/testing/Zymo_chr19.fasta,/home/sam/Software/PansimNuc/testing/Zymo_EarlGrey_chr19.gff,50,500,1e-10,double_exp,1e14,1e1,0.9,true,1e-6
108,/home/sam/Software/PansimNuc/testing/Zymo_chr19.gff,/home/sam/Software/PansimNuc/testing/Zymo_chr19.fasta,/home/sam/Software/PansimNuc/testing/Zymo_EarlGrey_chr19.gff,50,500,1e-10,double_exp,1e7,1e14,0.1,true,1e-10
109,/home/sam/Software/PansimNuc/testing/Zymo_chr19.gff,/home/sam/Software/PansimNuc/testing/Zymo_chr19.fasta,/home/sam/Software/PansimNuc/testing/Zymo_EarlGrey_chr19.gff,50,500,1e-10,double_exp,1e7,1e14,0.1,true,1e-8
110,/home/sam/Software/PansimNuc/testing/Zymo_chr19.gff,/home/sam/Software/PansimNuc/testing/Zymo_chr19.fasta,/home/sam/Software/PansimNuc/testing/Zymo_EarlGrey_chr19.gff,50,500,1e-10,double_exp,1e7,1e14,0.1,true,1e-6
111,/home/sam/Software/PansimNuc/testing/Zymo_chr19.gff,/home/sam/Software/PansimNuc/testing/Zymo_chr19.fasta,/home/sam/Software/PansimNuc/testing/Zymo_EarlGrey_chr19.gff,50,500,1e-10,double_exp,1e7,1e14,0.5,true,1e-10
112,/home/sam/Software/PansimNuc/testing/Zymo_chr19.gff,/home/sam/Software/PansimNuc/testing/Zymo_chr19.fasta,/home/sam/Software/PansimNuc/testing/Zymo_EarlGrey_chr19.gff,50,500,1e-10,double_exp,1e7,1e14,0.5,true,1e-8
113,/home/sam/Software/PansimNuc/testing/Zymo_chr19.gff,/home/sam/Software/PansimNuc/testing/Zymo_chr19.fasta,/home/sam/Software/PansimNuc/testing/Zymo_EarlGrey_chr19.gff,50,500,1e-10,double_exp,1e7,1e14,0.5,true,1e-6
114,/home/sam/Software/PansimNuc/testing/Zymo_chr19.gff,/home/sam/Software/PansimNuc/testing/Zymo_chr19.fasta,/home/sam/Software/PansimNuc/testing/Zymo_EarlGrey_chr19.gff,50,500,1e-10,double_exp,1e7,1e14,0.9,true,1e-10
115,/home/sam/Software/PansimNuc/testing/Zymo_chr19.gff,/home/sam/Software/PansimNuc/testing/Zymo_chr19.fasta,/home/sam/Software/PansimNuc/testing/Zymo_EarlGrey_chr19.gff,50,500,1e-10,double_exp,1e7,1e14,0.9,true,1e-8
116,/home/sam/Software/PansimNuc/testing/Zymo_chr19.gff,/home/sam/Software/PansimNuc/testing/Zymo_chr19.fasta,/home/sam/Software/PansimNuc/testing/Zymo_EarlGrey_chr19.gff,50,500,1e-10,double_exp,1e7,1e14,0.9,true,1e-6
117,/home/sam/Software/PansimNuc/testing/Zymo_chr19.gff,/home/sam/Software/PansimNuc/testing/Zymo_chr19.fasta,/home/sam/Software/PansimNuc/testing/Zymo_EarlGrey_chr19.gff,50,500,1e-10,double_exp,1e7,1e7,0.1,true,1e-10
118,/home/sam/Software/PansimNuc/testing/Zymo_chr19.gff,/home/sam/Software/PansimNuc/testing/Zymo_chr19.fasta,/home/sam/Software/PansimNuc/testing/Zymo_EarlGrey_chr19.gff,50,500,1e-10,double_exp,1e7,1e7,0.1,true,1e-8
119,/home/sam/Software/PansimNuc/testing/Zymo_chr19.gff,/home/sam/Software/PansimNuc/testing/Zymo_chr19.fasta,/home/sam/Software/PansimNuc/testing/Zymo_EarlGrey_chr19.gff,50,500,1e-10,double_exp,1e7,1e7,0.1,true,1e-6
120,/home/sam/Software/PansimNuc/testing/Zymo_chr19.gff,/home/sam/Software/PansimNuc/testing/Zymo_chr19.fasta,/home/sam/Software/PansimNuc/testing/Zymo_EarlGrey_chr19.gff,50,500,1e-10,double_exp,1e7,1e7,0.5,true,1e-10
121,/home/sam/Software/PansimNuc/testing/Zymo_chr19.gff,/home/sam/Software/PansimNuc/testing/Zymo_chr19.fasta,/home/sam/Software/PansimNuc/testing/Zymo_EarlGrey_chr19.gff,50,500,1e-10,double_exp,1e7,1e7,0.5,true,1e-8
122,/home/sam/Software/PansimNuc/testing/Zymo_chr19.gff,/home/sam/Software/PansimNuc/testing/Zymo_chr19.fasta,/home/sam/Software/PansimNuc/testing/Zymo_EarlGrey_chr19.gff,50,500,1e-10,double_exp,1e7,1e7,0.5,true,1e-6
123,/home/sam/Software/PansimNuc/testing/Zymo_chr19.gff,/home/sam/Software/PansimNuc/testing/Zymo_chr19.fasta,/home/sam/Software/PansimNuc/testing/Zymo_EarlGrey_chr19.gff,50,500,1e-10,double_exp,1e7,1e7,0.9,true,1e-10
124,/home/sam/Software/PansimNuc/testing/Zymo_chr19.gff,/home/sam/Software/PansimNuc/testing/Zymo_chr19.fasta,/home/sam/Software/PansimNuc/testing/Zymo_EarlGrey_chr19.gff,50,500,1e-10,double_exp,1e7,1e7,0.9,true,1e-8
125,/home/sam/Software/PansimNuc/testing/Zymo_chr19.gff,/home/sam/Software/PansimNuc/testing/Zymo_chr19.fasta,/home/sam/Software/PansimNuc/testing/Zymo_EarlGrey_chr19.gff,50,500,1e-10,double_exp,1e7,1e7,0.9,true,1e-6
126,/home/sam/Software/PansimNuc/testing/Zymo_chr19.gff,/home/sam/Software/PansimNuc/testing/Zymo_chr19.fasta,/home/sam/Software/PansimNuc/testing/Zymo_EarlGrey_chr19.gff,50,500,1e-10,double_exp,1e7,1e1,0.1,true,1e-10
127,/home/sam/Software/PansimNuc/testing/Zymo_chr19.gff,/home/sam/Software/PansimNuc/testing/Zymo_chr19.fasta,/home/sam/Software/PansimNuc/testing/Zymo_EarlGrey_chr19.gff,50,500,1e-10,double_exp,1e7,1e1,0.1,true,1e-8
128,/home/sam/Software/PansimNuc/testing/Zymo_chr19.gff,/home/sam/Software/PansimNuc/testing/Zymo_chr19.fasta,/home/sam/Software/PansimNuc/testing/Zymo_EarlGrey_chr19.gff,50,500,1e-10,double_exp,1e7,1e1,0.1,true,1e-6
129,/home/sam/Software/PansimNuc/testing/Zymo_chr19.gff,/home/sam/Software/PansimNuc/testing/Zymo_chr19.fasta,/home/sam/Software/PansimNuc/testing/Zymo_EarlGrey_chr19.gff,50,500,1e-10,double_exp,1e7,1e1,0.5,true,1e-10
130,/home/sam/Software/PansimNuc/testing/Zymo_chr19.gff,/home/sam/Software/PansimNuc/testing/Zymo_chr19.fasta,/home/sam/Software/PansimNuc/testing/Zymo_EarlGrey_chr19.gff,50,500,1e-10,double_exp,1e7,1e1,0.5,true,1e-8
131,/home/sam/Software/PansimNuc/testing/Zymo_chr19.gff,/home/sam/Software/PansimNuc/testing/Zymo_chr19.fasta,/home/sam/Software/PansimNuc/testing/Zymo_EarlGrey_chr19.gff,50,500,1e-10,double_exp,1e7,1e1,0.5,true,1e-6
132,/home/sam/Software/PansimNuc/testing/Zymo_chr19.gff,/home/sam/Software/PansimNuc/testing/Zymo_chr19.fasta,/home/sam/Software/PansimNuc/testing/Zymo_EarlGrey_chr19.gff,50,500,1e-10,double_exp,1e7,1e1,0.9,true,1e-10
133,/home/sam/Software/PansimNuc/testing/Zymo_chr19.gff,/home/sam/Software/PansimNuc/testing/Zymo_chr19.fasta,/home/sam/Software/PansimNuc/testing/Zymo_EarlGrey_chr19.gff,50,500,1e-10,double_exp,1e7,1e1,0.9,true,1e-8
134,/home/sam/Software/PansimNuc/testing/Zymo_chr19.gff,/home/sam/Software/PansimNuc/testing/Zymo_chr19.fasta,/home/sam/Software/PansimNuc/testing/Zymo_EarlGrey_chr19.gff,50,500,1e-10,double_exp,1e7,1e1,0.9,true,1e-6
135,/home/sam/Software/PansimNuc/testing/Zymo_chr19.gff,/home/sam/Software/PansimNuc/testing/Zymo_chr19.fasta,/home/sam/Software/PansimNuc/testing/Zymo_EarlGrey_chr19.gff,50,500,1e-10,double_exp,1e1,1e14,0.1,true,1e-10
136,/home/sam/Software/PansimNuc/testing/Zymo_chr19.gff,/home/sam/Software/PansimNuc/testing/Zymo_chr19.fasta,/home/sam/Software/PansimNuc/testing/Zymo_EarlGrey_chr19.gff,50,500,1e-10,double_exp,1e1,1e14,0.1,true,1e-8
137,/home/sam/Software/PansimNuc/testing/Zymo_chr19.gff,/home/sam/Software/PansimNuc/testing/Zymo_chr19.fasta,/home/sam/Software/PansimNuc/testing/Zymo_EarlGrey_chr19.gff,50,500,1e-10,double_exp,1e1,1e14,0.1,true,1e-6
138,/home/sam/Software/PansimNuc/testing/Zymo_chr19.gff,/home/sam/Software/PansimNuc/testing/Zymo_chr19.fasta,/home/sam/Software/PansimNuc/testing/Zymo_EarlGrey_chr19.gff,50,500,1e-10,double_exp,1e1,1e14,0.5,true,1e-10
139,/home/sam/Software/PansimNuc/testing/Zymo_chr19.gff,/home/sam/Software/PansimNuc/testing/Zymo_chr19.fasta,/home/sam/Software/PansimNuc/testing/Zymo_EarlGrey_chr19.gff,50,500,1e-10,double_exp,1e1,1e14,0.5,true,1e-8
140,/home/sam/Software/PansimNuc/testing/Zymo_chr19.gff,/home/sam/Software/PansimNuc/testing/Zymo_chr19.fasta,/home/sam/Software/PansimNuc/testing/Zymo_EarlGrey_chr19.gff,50,500,1e-10,double_exp,1e1,1e14,0.5,true,1e-6
141,/home/sam/Software/PansimNuc/testing/Zymo_chr19.gff,/home/sam/Software/PansimNuc/testing/Zymo_chr19.fasta,/home/sam/Software/PansimNuc/testing/Zymo_EarlGrey_chr19.gff,50,500,1e-10,double_exp,1e1,1e14,0.9,true,1e-10
142,/home/sam/Software/PansimNuc/testing/Zymo_chr19.gff,/home/sam/Software/PansimNuc/testing/Zymo_chr19.fasta,/home/sam/Software/PansimNuc/testing/Zymo_EarlGrey_chr19.gff,50,500,1e-10,double_exp,1e1,1e14,0.9,true,1e-8
143,/home/sam/Software/PansimNuc/testing/Zymo_chr19.gff,/home/sam/Software/PansimNuc/testing/Zymo_chr19.fasta,/home/sam/Software/PansimNuc/testing/Zymo_EarlGrey_chr19.gff,50,500,1e-10,double_exp,1e1,1e14,0.9,true,1e-6
144,/home/sam/Software/PansimNuc/testing/Zymo_chr19.gff,/home/sam/Software/PansimNuc/testing/Zymo_chr19.fasta,/home/sam/Software/PansimNuc/testing/Zymo_EarlGrey_chr19.gff,50,500,1e-10,double_exp,1e1,1e7,0.1,true,1e-10
145,/home/sam/Software/PansimNuc/testing/Zymo_chr19.gff,/home/sam/Software/PansimNuc/testing/Zymo_chr19.fasta,/home/sam/Software/PansimNuc/testing/Zymo_EarlGrey_chr19.gff,50,500,1e-10,double_exp,1e1,1e7,0.1,true,1e-8
146,/home/sam/Software/PansimNuc/testing/Zymo_chr19.gff,/home/sam/Software/PansimNuc/testing/Zymo_chr19.fasta,/home/sam/Software/PansimNuc/testing/Zymo_EarlGrey_chr19.gff,50,500,1e-10,double_exp,1e1,1e7,0.1,true,1e-6
147,/home/sam/Software/PansimNuc/testing/Zymo_chr19.gff,/home/sam/Software/PansimNuc/testing/Zymo_chr19.fasta,/home/sam/Software/PansimNuc/testing/Zymo_EarlGrey_chr19.gff,50,500,1e-10,double_exp,1e1,1e7,0.5,true,1e-10
148,/home/sam/Software/PansimNuc/testing/Zymo_chr19.gff,/home/sam/Software/PansimNuc/testing/Zymo_chr19.fasta,/home/sam/Software/PansimNuc/testing/Zymo_EarlGrey_chr19.gff,50,500,1e-10,double_exp,1e1,1e7,0.5,true,1e-8
149,/home/sam/Software/PansimNuc/testing/Zymo_chr19.gff,/home/sam/Software/PansimNuc/testing/Zymo_chr19.fasta,/home/sam/Software/PansimNuc/testing/Zymo_EarlGrey_chr19.gff,50,500,1e-10,double_exp,1e1,1e7,0.5,true,1e-6
150,/home/sam/Software/PansimNuc/testing/Zymo_chr19.gff,/home/sam/Software/PansimNuc/testing/Zymo_chr19.fasta,/home/sam/Software/PansimNuc/testing/Zymo_EarlGrey_chr19.gff,50,500,1e-10,double_exp,1e1,1e7,0.9,true,1e-10
151,/home/sam/Software/PansimNuc/testing/Zymo_chr19.gff,/home/sam/Software/PansimNuc/testing/Zymo_chr19.fasta,/home/sam/Software/PansimNuc/testing/Zymo_EarlGrey_chr19.gff,50,500,1e-10,double_exp,1e1,1e7,0.9,true,1e-8
152,/home/sam/Software/PansimNuc/testing/Zymo_chr19.gff,/home/sam/Software/PansimNuc/testing/Zymo_chr19.fasta,/home/sam/Software/PansimNuc/testing/Zymo_EarlGrey_chr19.gff,50,500,1e-10,double_exp,1e1,1e7,0.9,true,1e-6
153,/home/sam/Software/PansimNuc/testing/Zymo_chr19.gff,/home/sam/Software/PansimNuc/testing/Zymo_chr19.fasta,/home/sam/Software/PansimNuc/testing/Zymo_EarlGrey_chr19.gff,50,500,1e-10,double_exp,1e1,1e1,0.1,true,1e-10
154,/home/sam/Software/PansimNuc/testing/Zymo_chr19.gff,/home/sam/Software/PansimNuc/testing/Zymo_chr19.fasta,/home/sam/Software/PansimNuc/testing/Zymo_EarlGrey_chr19.gff,50,500,1e-10,double_exp,1e1,1e1,0.1,true,1e-8
155,/home/sam/Software/PansimNuc/testing/Zymo_chr19.gff,/home/sam/Software/PansimNuc/testing/Zymo_chr19.fasta,/home/sam/Software/PansimNuc/testing/Zymo_EarlGrey_chr19.gff,50,500,1e-10,double_exp,1e1,1e1,0.1,true,1e-6
156,/home/sam/Software/PansimNuc/testing/Zymo_chr19.gff,/home/sam/Software/PansimNuc/testing/Zymo_chr19.fasta,/home/sam/Software/PansimNuc/testing/Zymo_EarlGrey_chr19.gff,50,500,1e-10,double_exp,1e1,1e1,0.5,true,1e-10
157,/home/sam/Software/PansimNuc/testing/Zymo_chr19.gff,/home/sam/Software/PansimNuc/testing/Zymo_chr19.fasta,/home/sam/Software/PansimNuc/testing/Zymo_EarlGrey_chr19.gff,50,500,1e-10,double_exp,1e1,1e1,0.5,true,1e-8
158,/home/sam/Software/PansimNuc/testing/Zymo_chr19.gff,/home/sam/Software/PansimNuc/testing/Zymo_chr19.fasta,/home/sam/Software/PansimNuc/testing/Zymo_EarlGrey_chr19.gff,50,500,1e-10,double_exp,1e1,1e1,0.5,true,1e-6
159,/home/sam/Software/PansimNuc/testing/Zymo_chr19.gff,/home/sam/Software/PansimNuc/testing/Zymo_chr19.fasta,/home/sam/Software/PansimNuc/testing/Zymo_EarlGrey_chr19.gff,50,500,1e-10,double_exp,1e1,1e1,0.9,true,1e-10
160,/home/sam/Software/PansimNuc/testing/Zymo_chr19.gff,/home/sam/Software/PansimNuc/testing/Zymo_chr19.fasta,/home/sam/Software/PansimNuc/testing/Zymo_EarlGrey_chr19.gff,50,500,1e-10,double_exp,1e1,1e1,0.9,true,1e-8
161,/home/sam/Software/PansimNuc/testing/Zymo_chr19.gff,/home/sam/Software/PansimNuc/testing/Zymo_chr19.fasta,/home/sam/Software/PansimNuc/testing/Zymo_EarlGrey_chr19.gff,50,500,1e-10,double_exp,1e1,1e1,0.9,true,1e-6
162,/home/sam/Software/PansimNuc/testing/Zymo_chr19.gff,/home/sam/Software/PansimNuc/testing/Zymo_chr19.fasta,/home/sam/Software/PansimNuc/testing/Zymo_EarlGrey_chr19.gff,50,500,1e-8,double_exp,1e14,1e14,0.1,true,1e-10
163,/home/sam/Software/PansimNuc/testing/Zymo_chr19.gff,/home/sam/Software/PansimNuc/testing/Zymo_chr19.fasta,/home/sam/Software/PansimNuc/testing/Zymo_EarlGrey_chr19.gff,50,500,1e-8,double_exp,1e14,1e14,0.1,true,1e-8
164,/home/sam/Software/PansimNuc/testing/Zymo_chr19.gff,/home/sam/Software/PansimNuc/testing/Zymo_chr19.fasta,/home/sam/Software/PansimNuc/testing/Zymo_EarlGrey_chr19.gff,50,500,1e-8,double_exp,1e14,1e14,0.1,true,1e-6
165,/home/sam/Software/PansimNuc/testing/Zymo_chr19.gff,/home/sam/Software/PansimNuc/testing/Zymo_chr19.fasta,/home/sam/Software/PansimNuc/testing/Zymo_EarlGrey_chr19.gff,50,500,1e-8,double_exp,1e14,1e14,0.5,true,1e-10
166,/home/sam/Software/PansimNuc/testing/Zymo_chr19.gff,/home/sam/Software/PansimNuc/testing/Zymo_chr19.fasta,/home/sam/Software/PansimNuc/testing/Zymo_EarlGrey_chr19.gff,50,500,1e-8,double_exp,1e14,1e14,0.5,true,1e-8
167,/home/sam/Software/PansimNuc/testing/Zymo_chr19.gff,/home/sam/Software/PansimNuc/testing/Zymo_chr19.fasta,/home/sam/Software/PansimNuc/testing/Zymo_EarlGrey_chr19.gff,50,500,1e-8,double_exp,1e14,1e14,0.5,true,1e-6
168,/home/sam/Software/PansimNuc/testing/Zymo_chr19.gff,/home/sam/Software/PansimNuc/testing/Zymo_chr19.fasta,/home/sam/Software/PansimNuc/testing/Zymo_EarlGrey_chr19.gff,50,500,1e-8,double_exp,1e14,1e14,0.9,true,1e-10
169,/home/sam/Software/PansimNuc/testing/Zymo_chr19.gff,/home/sam/Software/PansimNuc/testing/Zymo_chr19.fasta,/home/sam/Software/PansimNuc/testing/Zymo_EarlGrey_chr19.gff,50,500,1e-8,double_exp,1e14,1e14,0.9,true,1e-8
170,/home/sam/Software/PansimNuc/testing/Zymo_chr19.gff,/home/sam/Software/PansimNuc/testing/Zymo_chr19.fasta,/home/sam/Software/PansimNuc/testing/Zymo_EarlGrey_chr19.gff,50,500,1e-8,double_exp,1e14,1e14,0.9,true,1e-6
171,/home/sam/Software/PansimNuc/testing/Zymo_chr19.gff,/home/sam/Software/PansimNuc/testing/Zymo_chr19.fasta,/home/sam/Software/PansimNuc/testing/Zymo_EarlGrey_chr19.gff,50,500,1e-8,double_exp,1e14,1e7,0.1,true,1e-10
172,/home/sam/Software/PansimNuc/testing/Zymo_chr19.gff,/home/sam/Software/PansimNuc/testing/Zymo_chr19.fasta,/home/sam/Software/PansimNuc/testing/Zymo_EarlGrey_chr19.gff,50,500,1e-8,double_exp,1e14,1e7,0.1,true,1e-8
173,/home/sam/Software/PansimNuc/testing/Zymo_chr19.gff,/home/sam/Software/PansimNuc/testing/Zymo_chr19.fasta,/home/sam/Software/PansimNuc/testing/Zymo_EarlGrey_chr19.gff,50,500,1e-8,double_exp,1e14,1e7,0.1,true,1e-6
174,/home/sam/Software/PansimNuc/testing/Zymo_chr19.gff,/home/sam/Software/PansimNuc/testing/Zymo_chr19.fasta,/home/sam/Software/PansimNuc/testing/Zymo_EarlGrey_chr19.gff,50,500,1e-8,double_exp,1e14,1e7,0.5,true,1e-10
175,/home/sam/Software/PansimNuc/testing/Zymo_chr19.gff,/home/sam/Software/PansimNuc/testing/Zymo_chr19.fasta,/home/sam/Software/PansimNuc/testing/Zymo_EarlGrey_chr19.gff,50,500,1e-8,double_exp,1e14,1e7,0.5,true,1e-8
176,/home/sam/Software/PansimNuc/testing/Zymo_chr19.gff,/home/sam/Software/PansimNuc/testing/Zymo_chr19.fasta,/home/sam/Software/PansimNuc/testing/Zymo_EarlGrey_chr19.gff,50,500,1e-8,double_exp,1e14,1e7,0.5,true,1e-6
177,/home/sam/Software/PansimNuc/testing/Zymo_chr19.gff,/home/sam/Software/PansimNuc/testing/Zymo_chr19.fasta,/home/sam/Software/PansimNuc/testing/Zymo_EarlGrey_chr19.gff,50,500,1e-8,double_exp,1e14,1e7,0.9,true,1e-10
178,/home/sam/Software/PansimNuc/testing/Zymo_chr19.gff,/home/sam/Software/PansimNuc/testing/Zymo_chr19.fasta,/home/sam/Software/PansimNuc/testing/Zymo_EarlGrey_chr19.gff,50,500,1e-8,double_exp,1e14,1e7,0.9,true,1e-8
179,/home/sam/Software/PansimNuc/testing/Zymo_chr19.gff,/home/sam/Software/PansimNuc/testing/Zymo_chr19.fasta,/home/sam/Software/PansimNuc/testing/Zymo_EarlGrey_chr19.gff,50,500,1e-8,double_exp,1e14,1e7,0.9,true,1e-6
180,/home/sam/Software/PansimNuc/testing/Zymo_chr19.gff,/home/sam/Software/PansimNuc/testing/Zymo_chr19.fasta,/home/sam/Software/PansimNuc/testing/Zymo_EarlGrey_chr19.gff,50,500,1e-8,double_exp,1e14,1e1,0.1,true,1e-10
181,/home/sam/Software/PansimNuc/testing/Zymo_chr19.gff,/home/sam/Software/PansimNuc/testing/Zymo_chr19.fasta,/home/sam/Software/PansimNuc/testing/Zymo_EarlGrey_chr19.gff,50,500,1e-8,double_exp,1e14,1e1,0.1,true,1e-8
182,/home/sam/Software/PansimNuc/testing/Zymo_chr19.gff,/home/sam/Software/PansimNuc/testing/Zymo_chr19.fasta,/home/sam/Software/PansimNuc/testing/Zymo_EarlGrey_chr19.gff,50,500,1e-8,double_exp,1e14,1e1,0.1,true,1e-6
183,/home/sam/Software/PansimNuc/testing/Zymo_chr19.gff,/home/sam/Software/PansimNuc/testing/Zymo_chr19.fasta,/home/sam/Software/PansimNuc/testing/Zymo_EarlGrey_chr19.gff,50,500,1e-8,double_exp,1e14,1e1,0.5,true,1e-10
184,/home/sam/Software/PansimNuc/testing/Zymo_chr19.gff,/home/sam/Software/PansimNuc/testing/Zymo_chr19.fasta,/home/sam/Software/PansimNuc/testing/Zymo_EarlGrey_chr19.gff,50,500,1e-8,double_exp,1e14,1e1,0.5,true,1e-8
185,/home/sam/Software/PansimNuc/testing/Zymo_chr19.gff,/home/sam/Software/PansimNuc/testing/Zymo_chr19.fasta,/home/sam/Software/PansimNuc/testing/Zymo_EarlGrey_chr19.gff,50,500,1e-8,double_exp,1e14,1e1,0.5,true,1e-6
186,/home/sam/Software/PansimNuc/testing/Zymo_chr19.gff,/home/sam/Software/PansimNuc/testing/Zymo_chr19.fasta,/home/sam/Software/PansimNuc/testing/Zymo_EarlGrey_chr19.gff,50,500,1e-8,double_exp,1e14,1e1,0.9,true,1e-10
187,/home/sam/Software/PansimNuc/testing/Zymo_chr19.gff,/home/sam/Software/PansimNuc/testing/Zymo_chr19.fasta,/home/sam/Software/PansimNuc/testing/Zymo_EarlGrey_chr19.gff,50,500,1e-8,double_exp,1e14,1e1,0.9,true,1e-8
188,/home/sam/Software/PansimNuc/testing/Zymo_chr19.gff,/home/sam/Software/PansimNuc/testing/Zymo_chr19.fasta,/home/sam/Software/PansimNuc/testing/Zymo_EarlGrey_chr19.gff,50,500,1e-8,double_exp,1e14,1e1,0.9,true,1e-6
189,/home/sam/Software/PansimNuc/testing/Zymo_chr19.gff,/home/sam/Software/PansimNuc/testing/Zymo_chr19.fasta,/home/sam/Software/PansimNuc/testing/Zymo_EarlGrey_chr19.gff,50,500,1e-8,double_exp,1e7,1e14,0.1,true,1e-10
190,/home/sam/Software/PansimNuc/testing/Zymo_chr19.gff,/home/sam/Software/PansimNuc/testing/Zymo_chr19.fasta,/home/sam/Software/PansimNuc/testing/Zymo_EarlGrey_chr19.gff,50,500,1e-8,double_exp,1e7,1e14,0.1,true,1e-8
191,/home/sam/Software/PansimNuc/testing/Zymo_chr19.gff,/home/sam/Software/PansimNuc/testing/Zymo_chr19.fasta,/home/sam/Software/PansimNuc/testing/Zymo_EarlGrey_chr19.gff,50,500,1e-8,double_exp,1e7,1e14,0.1,true,1e-6
192,/home/sam/Software/PansimNuc/testing/Zymo_chr19.gff,/home/sam/Software/PansimNuc/testing/Zymo_chr19.fasta,/home/sam/Software/PansimNuc/testing/Zymo_EarlGrey_chr19.gff,50,500,1e-8,double_exp,1e7,1e14,0.5,true,1e-10
193,/home/sam/Software/PansimNuc/testing/Zymo_chr19.gff,/home/sam/Software/PansimNuc/testing/Zymo_chr19.fasta,/home/sam/Software/PansimNuc/testing/Zymo_EarlGrey_chr19.gff,50,500,1e-8,double_exp,1e7,1e14,0.5,true,1e-8
194,/home/sam/Software/PansimNuc/testing/Zymo_chr19.gff,/home/sam/Software/PansimNuc/testing/Zymo_chr19.fasta,/home/sam/Software/PansimNuc/testing/Zymo_EarlGrey_chr19.gff,50,500,1e-8,double_exp,1e7,1e14,0.5,true,1e-6
195,/home/sam/Software/PansimNuc/testing/Zymo_chr19.gff,/home/sam/Software/PansimNuc/testing/Zymo_chr19.fasta,/home/sam/Software/PansimNuc/testing/Zymo_EarlGrey_chr19.gff,50,500,1e-8,double_exp,1e7,1e14,0.9,true,1e-10
196,/home/sam/Software/PansimNuc/testing/Zymo_chr19.gff,/home/sam/Software/PansimNuc/testing/Zymo_chr19.fasta,/home/sam/Software/PansimNuc/testing/Zymo_EarlGrey_chr19.gff,50,500,1e-8,double_exp,1e7,1e14,0.9,true,1e-8
197,/home/sam/Software/PansimNuc/testing/Zymo_chr19.gff,/home/sam/Software/PansimNuc/testing/Zymo_chr19.fasta,/home/sam/Software/PansimNuc/testing/Zymo_EarlGrey_chr19.gff,50,500,1e-8,double_exp,1e7,1e14,0.9,true,1e-6
198,/home/sam/Software/PansimNuc/testing/Zymo_chr19.gff,/home/sam/Software/PansimNuc/testing/Zymo_chr19.fasta,/home/sam/Software/PansimNuc/testing/Zymo_EarlGrey_chr19.gff,50,500,1e-8,double_exp,1e7,1e7,0.1,true,1e-10
199,/home/sam/Software/PansimNuc/testing/Zymo_chr19.gff,/home/sam/Software/PansimNuc/testing/Zymo_chr19.fasta,/home/sam/Software/PansimNuc/testing/Zymo_EarlGrey_chr19.gff,50,500,1e-8,double_exp,1e7,1e7,0.1,true,1e-8
200,/home/sam/Software/PansimNuc/testing/Zymo_chr19.gff,/home/sam/Software/PansimNuc/testing/Zymo_chr19.fasta,/home/sam/Software/PansimNuc/testing/Zymo_EarlGrey_chr19.gff,50,500,1e-8,double_exp,1e7,1e7,0.1,true,1e-6
201,/home/sam/Software/PansimNuc/testing/Zymo_chr19.gff,/home/sam/Software/PansimNuc/testing/Zymo_chr19.fasta,/home/sam/Software/PansimNuc/testing/Zymo_EarlGrey_chr19.gff,50,500,1e-8,double_exp,1e7,1e7,0.5,true,1e-10
202,/home/sam/Software/PansimNuc/testing/Zymo_chr19.gff,/home/sam/Software/PansimNuc/testing/Zymo_chr19.fasta,/home/sam/Software/PansimNuc/testing/Zymo_EarlGrey_chr19.gff,50,500,1e-8,double_exp,1e7,1e7,0.5,true,1e-8
203,/home/sam/Software/PansimNuc/testing/Zymo_chr19.gff,/home/sam/Software/PansimNuc/testing/Zymo_chr19.fasta,/home/sam/Software/PansimNuc/testing/Zymo_EarlGrey_chr19.gff,50,500,1e-8,double_exp,1e7,1e7,0.5,true,1e-6
204,/home/sam/Software/PansimNuc/testing/Zymo_chr19.gff,/home/sam/Software/PansimNuc/testing/Zymo_chr19.fasta,/home/sam/Software/PansimNuc/testing/Zymo_EarlGrey_chr19.gff,50,500,1e-8,double_exp,1e7,1e7,0.9,true,1e-10
205,/home/sam/Software/PansimNuc/testing/Zymo_chr19.gff,/home/sam/Software/PansimNuc/testing/Zymo_chr19.fasta,/home/sam/Software/PansimNuc/testing/Zymo_EarlGrey_chr19.gff,50,500,1e-8,double_exp,1e7,1e7,0.9,true,1e-8
206,/home/sam/Software/PansimNuc/testing/Zymo_chr19.gff,/home/sam/Software/PansimNuc/testing/Zymo_chr19.fasta,/home/sam/Software/PansimNuc/testing/Zymo_EarlGrey_chr19.gff,50,500,1e-8,double_exp,1e7,1e7,0.9,true,1e-6
207,/home/sam/Software/PansimNuc/testing/Zymo_chr19.gff,/home/sam/Software/PansimNuc/testing/Zymo_chr19.fasta,/home/sam/Software/PansimNuc/testing/Zymo_EarlGrey_chr19.gff,50,500,1e-8,double_exp,1e7,1e1,0.1,true,1e-10
208,/home/sam/Software/PansimNuc/testing/Zymo_chr19.gff,/home/sam/Software/PansimNuc/testing/Zymo_chr19.fasta,/home/sam/Software/PansimNuc/testing/Zymo_EarlGrey_chr19.gff,50,500,1e-8,double_exp,1e7,1e1,0.1,true,1e-8
209,/home/sam/Software/PansimNuc/testing/Zymo_chr19.gff,/home/sam/Software/PansimNuc/testing/Zymo_chr19.fasta,/home/sam/Software/PansimNuc/testing/Zymo_EarlGrey_chr19.gff,50,500,1e-8,double_exp,1e7,1e1,0.1,true,1e-6
210,/home/sam/Software/PansimNuc/testing/Zymo_chr19.gff,/home/sam/Software/PansimNuc/testing/Zymo_chr19.fasta,/home/sam/Software/PansimNuc/testing/Zymo_EarlGrey_chr19.gff,50,500,1e-8,double_exp,1e7,1e1,0.5,true,1e-10
211,/home/sam/Software/PansimNuc/testing/Zymo_chr19.gff,/home/sam/Software/PansimNuc/testing/Zymo_chr19.fasta,/home/sam/Software/PansimNuc/testing/Zymo_EarlGrey_chr19.gff,50,500,1e-8,double_exp,1e7,1e1,0.5,true,1e-8
212,/home/sam/Software/PansimNuc/testing/Zymo_chr19.gff,/home/sam/Software/PansimNuc/testing/Zymo_chr19.fasta,/home/sam/Software/PansimNuc/testing/Zymo_EarlGrey_chr19.gff,50,500,1e-8,double_exp,1e7,1e1,0.5,true,1e-6
213,/home/sam/Software/PansimNuc/testing/Zymo_chr19.gff,/home/sam/Software/PansimNuc/testing/Zymo_chr19.fasta,/home/sam/Software/PansimNuc/testing/Zymo_EarlGrey_chr19.gff,50,500,1e-8,double_exp,1e7,1e1,0.9,true,1e-10
214,/home/sam/Software/PansimNuc/testing/Zymo_chr19.gff,/home/sam/Software/PansimNuc/testing/Zymo_chr19.fasta,/home/sam/Software/PansimNuc/testing/Zymo_EarlGrey_chr19.gff,50,500,1e-8,double_exp,1e7,1e1,0.9,true,1e-8
215,/home/sam/Software/PansimNuc/testing/Zymo_chr19.gff,/home/sam/Software/PansimNuc/testing/Zymo_chr19.fasta,/home/sam/Software/PansimNuc/testing/Zymo_EarlGrey_chr19.gff,50,500,1e-8,double_exp,1e7,1e1,0.9,true,1e-6
216,/home/sam/Software/PansimNuc/testing/Zymo_chr19.gff,/home/sam/Software/PansimNuc/testing/Zymo_chr19.fasta,/home/sam/Software/PansimNuc/testing/Zymo_EarlGrey_chr19.gff,50,500,1e-8,double_exp,1e1,1e14,0.1,true,1e-10
217,/home/sam/Software/PansimNuc/testing/Zymo_chr19.gff,/home/sam/Software/PansimNuc/testing/Zymo_chr19.fasta,/home/sam/Software/PansimNuc/testing/Zymo_EarlGrey_chr19.gff,50,500,1e-8,double_exp,1e1,1e14,0.1,true,1e-8
218,/home/sam/Software/PansimNuc/testing/Zymo_chr19.gff,/home/sam/Software/PansimNuc/testing/Zymo_chr19.fasta,/home/sam/Software/PansimNuc/testing/Zymo_EarlGrey_chr19.gff,50,500,1e-8,double_exp,1e1,1e14,0.1,true,1e-6
219,/home/sam/Software/PansimNuc/testing/Zymo_chr19.gff,/home/sam/Software/PansimNuc/testing/Zymo_chr19.fasta,/home/sam/Software/PansimNuc/testing/Zymo_EarlGrey_chr19.gff,50,500,1e-8,double_exp,1e1,1e14,0.5,true,1e-10
220,/home/sam/Software/PansimNuc/testing/Zymo_chr19.gff,/home/sam/Software/PansimNuc/testing/Zymo_chr19.fasta,/home/sam/Software/PansimNuc/testing/Zymo_EarlGrey_chr19.gff,50,500,1e-8,double_exp,1e1,1e14,0.5,true,1e-8
221,/home/sam/Software/PansimNuc/testing/Zymo_chr19.gff,/home/sam/Software/PansimNuc/testing/Zymo_chr19.fasta,/home/sam/Software/PansimNuc/testing/Zymo_EarlGrey_chr19.gff,50,500,1e-8,double_exp,1e1,1e14,0.5,true,1e-6
222,/home/sam/Software/PansimNuc/testing/Zymo_chr19.gff,/home/sam/Software/PansimNuc/testing/Zymo_chr19.fasta,/home/sam/Software/PansimNuc/testing/Zymo_EarlGrey_chr19.gff,50,500,1e-8,double_exp,1e1,1e14,0.9,true,1e-10
223,/home/sam/Software/PansimNuc/testing/Zymo_chr19.gff,/home/sam/Software/PansimNuc/testing/Zymo_chr19.fasta,/home/sam/Software/PansimNuc/testing/Zymo_EarlGrey_chr19.gff,50,500,1e-8,double_exp,1e1,1e14,0.9,true,1e-8
224,/home/sam/Software/PansimNuc/testing/Zymo_chr19.gff,/home/sam/Software/PansimNuc/testing/Zymo_chr19.fasta,/home/sam/Software/PansimNuc/testing/Zymo_EarlGrey_chr19.gff,50,500,1e-8,double_exp,1e1,1e14,0.9,true,1e-6
225,/home/sam/Software/PansimNuc/testing/Zymo_chr19.gff,/home/sam/Software/PansimNuc/testing/Zymo_chr19.fasta,/home/sam/Software/PansimNuc/testing/Zymo_EarlGrey_chr19.gff,50,500,1e-8,double_exp,1e1,1e7,0.1,true,1e-10
226,/home/sam/Software/PansimNuc/testing/Zymo_chr19.gff,/home/sam/Software/PansimNuc/testing/Zymo_chr19.fasta,/home/sam/Software/PansimNuc/testing/Zymo_EarlGrey_chr19.gff,50,500,1e-8,double_exp,1e1,1e7,0.1,true,1e-8
227,/home/sam/Software/PansimNuc/testing/Zymo_chr19.gff,/home/sam/Software/PansimNuc/testing/Zymo_chr19.fasta,/home/sam/Software/PansimNuc/testing/Zymo_EarlGrey_chr19.gff,50,500,1e-8,double_exp,1e1,1e7,0.1,true,1e-6
228,/home/sam/Software/PansimNuc/testing/Zymo_chr19.gff,/home/sam/Software/PansimNuc/testing/Zymo_chr19.fasta,/home/sam/Software/PansimNuc/testing/Zymo_EarlGrey_chr19.gff,50,500,1e-8,double_exp,1e1,1e7,0.5,true,1e-10
229,/home/sam/Software/PansimNuc/testing/Zymo_chr19.gff,/home/sam/Software/PansimNuc/testing/Zymo_chr19.fasta,/home/sam/Software/PansimNuc/testing/Zymo_EarlGrey_chr19.gff,50,500,1e-8,double_exp,1e1,1e7,0.5,true,1e-8
230,/home/sam/Software/PansimNuc/testing/Zymo_chr19.gff,/home/sam/Software/PansimNuc/testing/Zymo_chr19.fasta,/home/sam/Software/PansimNuc/testing/Zymo_EarlGrey_chr19.gff,50,500,1e-8,double_exp,1e1,1e7,0.5,true,1e-6
231,/home/sam/Software/PansimNuc/testing/Zymo_chr19.gff,/home/sam/Software/PansimNuc/testing/Zymo_chr19.fasta,/home/sam/Software/PansimNuc/testing/Zymo_EarlGrey_chr19.gff,50,500,1e-8,double_exp,1e1,1e7,0.9,true,1e-10
232,/home/sam/Software/PansimNuc/testing/Zymo_chr19.gff,/home/sam/Software/PansimNuc/testing/Zymo_chr19.fasta,/home/sam/Software/PansimNuc/testing/Zymo_EarlGrey_chr19.gff,50,500,1e-8,double_exp,1e1,1e7,0.9,true,1e-8
233,/home/sam/Software/PansimNuc/testing/Zymo_chr19.gff,/home/sam/Software/PansimNuc/testing/Zymo_chr19.fasta,/home/sam/Software/PansimNuc/testing/Zymo_EarlGrey_chr19.gff,50,500,1e-8,double_exp,1e1,1e7,0.9,true,1e-6
234,/home/sam/Software/PansimNuc/testing/Zymo_chr19.gff,/home/sam/Software/PansimNuc/testing/Zymo_chr19.fasta,/home/sam/Software/PansimNuc/testing/Zymo_EarlGrey_chr19.gff,50,500,1e-8,double_exp,1e1,1e1,0.1,true,1e-10
235,/home/sam/Software/PansimNuc/testing/Zymo_chr19.gff,/home/sam/Software/PansimNuc/testing/Zymo_chr19.fasta,/home/sam/Software/PansimNuc/testing/Zymo_EarlGrey_chr19.gff,50,500,1e-8,double_exp,1e1,1e1,0.1,true,1e-8
236,/home/sam/Software/PansimNuc/testing/Zymo_chr19.gff,/home/sam/Software/PansimNuc/testing/Zymo_chr19.fasta,/home/sam/Software/PansimNuc/testing/Zymo_EarlGrey_chr19.gff,50,500,1e-8,double_exp,1e1,1e1,0.1,true,1e-6
237,/home/sam/Software/PansimNuc/testing/Zymo_chr19.gff,/home/sam/Software/PansimNuc/testing/Zymo_chr19.fasta,/home/sam/Software/PansimNuc/testing/Zymo_EarlGrey_chr19.gff,50,500,1e-8,double_exp,1e1,1e1,0.5,true,1e-10
238,/home/sam/Software/PansimNuc/testing/Zymo_chr19.gff,/home/sam/Software/PansimNuc/testing/Zymo_chr19.fasta,/home/sam/Software/PansimNuc/testing/Zymo_EarlGrey_chr19.gff,50,500,1e-8,double_exp,1e1,1e1,0.5,true,1e-8
239,/home/sam/Software/PansimNuc/testing/Zymo_chr19.gff,/home/sam/Software/PansimNuc/testing/Zymo_chr19.fasta,/home/sam/Software/PansimNuc/testing/Zymo_EarlGrey_chr19.gff,50,500,1e-8,double_exp,1e1,1e1,0.5,true,1e-6
240,/home/sam/Software/PansimNuc/testing/Zymo_chr19.gff,/home/sam/Software/PansimNuc/testing/Zymo_chr19.fasta,/home/sam/Software/PansimNuc/testing/Zymo_EarlGrey_chr19.gff,50,500,1e-8,double_exp,1e1,1e1,0.9,true,1e-10
241,/home/sam/Software/PansimNuc/testing/Zymo_chr19.gff,/home/sam/Software/PansimNuc/testing/Zymo_chr19.fasta,/home/sam/Software/PansimNuc/testing/Zymo_EarlGrey_chr19.gff,50,500,1e-8,double_exp,1e1,1e1,0.9,true,1e-8
242,/home/sam/Software/PansimNuc/testing/Zymo_chr19.gff,/home/sam/Software/PansimNuc/testing/Zymo_chr19.fasta,/home/sam/Software/PansimNuc/testing/Zymo_EarlGrey_chr19.gff,50,500,1e-8,double_exp,1e1,1e1,0.9,true,1e-6
