run_id,input.gff_file,input.fasta_file,input.earlgrey_gff_file,population.n_individuals,population.n_generations,mutation_rate,selection_distribution,selection_lambda1,selection_lambda2,selection_cutoff,misc.print_all_generations,population.recombination_rate,population.population_splits,population.generation_splits,population.migration_rate,compress
0,/home/sam/Software/PansimNuc/testing/Zymo_chr19.gff,/home/sam/Software/PansimNuc/testing/Zymo_chr19.fasta,/home/sam/Software/PansimNuc/testing/Zymo_EarlGrey_chr19.gff,50,500,1e-8,double_exp,1e14,1e14,0.1,true,1e-8,2,250,0.0,true
1,/home/sam/Software/PansimNuc/testing/Zymo_chr19.gff,/home/sam/Software/PansimNuc/testing/Zymo_chr19.fasta,/home/sam/Software/PansimNuc/testing/Zymo_EarlGrey_chr19.gff,50,500,1e-8,double_exp,1e14,1e14,0.1,true,1e-8,2,250,0.01,true
2,/home/sam/Software/PansimNuc/testing/Zymo_chr19.gff,/home/sam/Software/PansimNuc/testing/Zymo_chr19.fasta,/home/sam/Software/PansimNuc/testing/Zymo_EarlGrey_chr19.gff,50,500,1e-8,double_exp,1e14,1e14,0.1,true,1e-8,2,250,0.1,true
3,/home/sam/Software/PansimNuc/testing/Zymo_chr19.gff,/home/sam/Software/PansimNuc/testing/Zymo_chr19.fasta,/home/sam/Software/PansimNuc/testing/Zymo_EarlGrey_chr19.gff,50,500,1e-8,double_exp,1e14,1e14,0.1,true,1e-6,2,250,0.0,true
4,/home/sam/Software/PansimNuc/testing/Zymo_chr19.gff,/home/sam/Software/PansimNuc/testing/Zymo_chr19.fasta,/home/sam/Software/PansimNuc/testing/Zymo_EarlGrey_chr19.gff,50,500,1e-8,double_exp,1e14,1e14,0.1,true,1e-6,2,250,0.01,true
5,/home/sam/Software/PansimNuc/testing/Zymo_chr19.gff,/home/sam/Software/PansimNuc/testing/Zymo_chr19.fasta,/home/sam/Software/PansimNuc/testing/Zymo_EarlGrey_chr19.gff,50,500,1e-8,double_exp,1e14,1e14,0.1,true,1e-6,2,250,0.1,true
6,/home/sam/Software/PansimNuc/testing/Zymo_chr19.gff,/home/sam/Software/PansimNuc/testing/Zymo_chr19.fasta,/home/sam/Software/PansimNuc/testing/Zymo_EarlGrey_chr19.gff,50,500,1e-8,double_exp,1e14,1e14,0.1,true,1e-4,2,250,0.0,true
7,/home/sam/Software/PansimNuc/testing/Zymo_chr19.gff,/home/sam/Software/PansimNuc/testing/Zymo_chr19.fasta,/home/sam/Software/PansimNuc/testing/Zymo_EarlGrey_chr19.gff,50,500,1e-8,double_exp,1e14,1e14,0.1,true,1e-4,2,250,0.01,true
8,/home/sam/Software/PansimNuc/testing/Zymo_chr19.gff,/home/sam/Software/PansimNuc/testing/Zymo_chr19.fasta,/home/sam/Software/PansimNuc/testing/Zymo_EarlGrey_chr19.gff,50,500,1e-8,double_exp,1e14,1e14,0.1,true,1e-4,2,250,0.1,true
9,/home/sam/Software/PansimNuc/testing/Zymo_chr19.gff,/home/sam/Software/PansimNuc/testing/Zymo_chr19.fasta,/home/sam/Software/PansimNuc/testing/Zymo_EarlGrey_chr19.gff,50,500,1e-8,double_exp,1e14,1e14,0.5,true,1e-8,2,250,0.0,true
10,/home/sam/Software/PansimNuc/testing/Zymo_chr19.gff,/home/sam/Software/PansimNuc/testing/Zymo_chr19.fasta,/home/sam/Software/PansimNuc/testing/Zymo_EarlGrey_chr19.gff,50,500,1e-8,double_exp,1e14,1e14,0.5,true,1e-8,2,250,0.01,true
11,/home/sam/Software/PansimNuc/testing/Zymo_chr19.gff,/home/sam/Software/PansimNuc/testing/Zymo_chr19.fasta,/home/sam/Software/PansimNuc/testing/Zymo_EarlGrey_chr19.gff,50,500,1e-8,double_exp,1e14,1e14,0.5,true,1e-8,2,250,0.1,true
12,/home/sam/Software/PansimNuc/testing/Zymo_chr19.gff,/home/sam/Software/PansimNuc/testing/Zymo_chr19.fasta,/home/sam/Software/PansimNuc/testing/Zymo_EarlGrey_chr19.gff,50,500,1e-8,double_exp,1e14,1e14,0.5,true,1e-6,2,250,0.0,true
13,/home/sam/Software/PansimNuc/testing/Zymo_chr19.gff,/home/sam/Software/PansimNuc/testing/Zymo_chr19.fasta,/home/sam/Software/PansimNuc/testing/Zymo_EarlGrey_chr19.gff,50,500,1e-8,double_exp,1e14,1e14,0.5,true,1e-6,2,250,0.01,true
14,/home/sam/Software/PansimNuc/testing/Zymo_chr19.gff,/home/sam/Software/PansimNuc/testing/Zymo_chr19.fasta,/home/sam/Software/PansimNuc/testing/Zymo_EarlGrey_chr19.gff,50,500,1e-8,double_exp,1e14,1e14,0.5,true,1e-6,2,250,0.1,true
15,/home/sam/Software/PansimNuc/testing/Zymo_chr19.gff,/home/sam/Software/PansimNuc/testing/Zymo_chr19.fasta,/home/sam/Software/PansimNuc/testing/Zymo_EarlGrey_chr19.gff,50,500,1e-8,double_exp,1e14,1e14,0.5,true,1e-4,2,250,0.0,true
16,/home/sam/Software/PansimNuc/testing/Zymo_chr19.gff,/home/sam/Software/PansimNuc/testing/Zymo_chr19.fasta,/home/sam/Software/PansimNuc/testing/Zymo_EarlGrey_chr19.gff,50,500,1e-8,double_exp,1e14,1e14,0.5,true,1e-4,2,250,0.01,true
17,/home/sam/Software/PansimNuc/testing/Zymo_chr19.gff,/home/sam/Software/PansimNuc/testing/Zymo_chr19.fasta,/home/sam/Software/PansimNuc/testing/Zymo_EarlGrey_chr19.gff,50,500,1e-8,double_exp,1e14,1e14,0.5,true,1e-4,2,250,0.1,true
18,/home/sam/Software/PansimNuc/testing/Zymo_chr19.gff,/home/sam/Software/PansimNuc/testing/Zymo_chr19.fasta,/home/sam/Software/PansimNuc/testing/Zymo_EarlGrey_chr19.gff,50,500,1e-8,double_exp,1e14,1e14,0.9,true,1e-8,2,250,0.0,true
19,/home/sam/Software/PansimNuc/testing/Zymo_chr19.gff,/home/sam/Software/PansimNuc/testing/Zymo_chr19.fasta,/home/sam/Software/PansimNuc/testing/Zymo_EarlGrey_chr19.gff,50,500,1e-8,double_exp,1e14,1e14,0.9,true,1e-8,2,250,0.01,true
20,/home/sam/Software/PansimNuc/testing/Zymo_chr19.gff,/home/sam/Software/PansimNuc/testing/Zymo_chr19.fasta,/home/sam/Software/PansimNuc/testing/Zymo_EarlGrey_chr19.gff,50,500,1e-8,double_exp,1e14,1e14,0.9,true,1e-8,2,250,0.1,true
21,/home/sam/Software/PansimNuc/testing/Zymo_chr19.gff,/home/sam/Software/PansimNuc/testing/Zymo_chr19.fasta,/home/sam/Software/PansimNuc/testing/Zymo_EarlGrey_chr19.gff,50,500,1e-8,double_exp,1e14,1e14,0.9,true,1e-6,2,250,0.0,true
22,/home/sam/Software/PansimNuc/testing/Zymo_chr19.gff,/home/sam/Software/PansimNuc/testing/Zymo_chr19.fasta,/home/sam/Software/PansimNuc/testing/Zymo_EarlGrey_chr19.gff,50,500,1e-8,double_exp,1e14,1e14,0.9,true,1e-6,2,250,0.01,true
23,/home/sam/Software/PansimNuc/testing/Zymo_chr19.gff,/home/sam/Software/PansimNuc/testing/Zymo_chr19.fasta,/home/sam/Software/PansimNuc/testing/Zymo_EarlGrey_chr19.gff,50,500,1e-8,double_exp,1e14,1e14,0.9,true,1e-6,2,250,0.1,true
24,/home/sam/Software/PansimNuc/testing/Zymo_chr19.gff,/home/sam/Software/PansimNuc/testing/Zymo_chr19.fasta,/home/sam/Software/PansimNuc/testing/Zymo_EarlGrey_chr19.gff,50,500,1e-8,double_exp,1e14,1e14,0.9,true,1e-4,2,250,0.0,true
25,/home/sam/Software/PansimNuc/testing/Zymo_chr19.gff,/home/sam/Software/PansimNuc/testing/Zymo_chr19.fasta,/home/sam/Software/PansimNuc/testing/Zymo_EarlGrey_chr19.gff,50,500,1e-8,double_exp,1e14,1e14,0.9,true,1e-4,2,250,0.01,true
26,/home/sam/Software/PansimNuc/testing/Zymo_chr19.gff,/home/sam/Software/PansimNuc/testing/Zymo_chr19.fasta,/home/sam/Software/PansimNuc/testing/Zymo_EarlGrey_chr19.gff,50,500,1e-8,double_exp,1e14,1e14,0.9,true,1e-4,2,250,0.1,true
27,/home/sam/Software/PansimNuc/testing/Zymo_chr19.gff,/home/sam/Software/PansimNuc/testing/Zymo_chr19.fasta,/home/sam/Software/PansimNuc/testing/Zymo_EarlGrey_chr19.gff,50,500,1e-8,double_exp,1e14,1e7,0.1,true,1e-8,2,250,0.0,true
28,/home/sam/Software/PansimNuc/testing/Zymo_chr19.gff,/home/sam/Software/PansimNuc/testing/Zymo_chr19.fasta,/home/sam/Software/PansimNuc/testing/Zymo_EarlGrey_chr19.gff,50,500,1e-8,double_exp,1e14,1e7,0.1,true,1e-8,2,250,0.01,true
29,/home/sam/Software/PansimNuc/testing/Zymo_chr19.gff,/home/sam/Software/PansimNuc/testing/Zymo_chr19.fasta,/home/sam/Software/PansimNuc/testing/Zymo_EarlGrey_chr19.gff,50,500,1e-8,double_exp,1e14,1e7,0.1,true,1e-8,2,250,0.1,true
30,/home/sam/Software/PansimNuc/testing/Zymo_chr19.gff,/home/sam/Software/PansimNuc/testing/Zymo_chr19.fasta,/home/sam/Software/PansimNuc/testing/Zymo_EarlGrey_chr19.gff,50,500,1e-8,double_exp,1e14,1e7,0.1,true,1e-6,2,250,0.0,true
31,/home/sam/Software/PansimNuc/testing/Zymo_chr19.gff,/home/sam/Software/PansimNuc/testing/Zymo_chr19.fasta,/home/sam/Software/PansimNuc/testing/Zymo_EarlGrey_chr19.gff,50,500,1e-8,double_exp,1e14,1e7,0.1,true,1e-6,2,250,0.01,true
32,/home/sam/Software/PansimNuc/testing/Zymo_chr19.gff,/home/sam/Software/PansimNuc/testing/Zymo_chr19.fasta,/home/sam/Software/PansimNuc/testing/Zymo_EarlGrey_chr19.gff,50,500,1e-8,double_exp,1e14,1e7,0.1,true,1e-6,2,250,0.1,true
33,/home/sam/Software/PansimNuc/testing/Zymo_chr19.gff,/home/sam/Software/PansimNuc/testing/Zymo_chr19.fasta,/home/sam/Software/PansimNuc/testing/Zymo_EarlGrey_chr19.gff,50,500,1e-8,double_exp,1e14,1e7,0.1,true,1e-4,2,250,0.0,true
34,/home/sam/Software/PansimNuc/testing/Zymo_chr19.gff,/home/sam/Software/PansimNuc/testing/Zymo_chr19.fasta,/home/sam/Software/PansimNuc/testing/Zymo_EarlGrey_chr19.gff,50,500,1e-8,double_exp,1e14,1e7,0.1,true,1e-4,2,250,0.01,true
35,/home/sam/Software/PansimNuc/testing/Zymo_chr19.gff,/home/sam/Software/PansimNuc/testing/Zymo_chr19.fasta,/home/sam/Software/PansimNuc/testing/Zymo_EarlGrey_chr19.gff,50,500,1e-8,double_exp,1e14,1e7,0.1,true,1e-4,2,250,0.1,true
36,/home/sam/Software/PansimNuc/testing/Zymo_chr19.gff,/home/sam/Software/PansimNuc/testing/Zymo_chr19.fasta,/home/sam/Software/PansimNuc/testing/Zymo_EarlGrey_chr19.gff,50,500,1e-8,double_exp,1e14,1e7,0.5,true,1e-8,2,250,0.0,true
37,/home/sam/Software/PansimNuc/testing/Zymo_chr19.gff,/home/sam/Software/PansimNuc/testing/Zymo_chr19.fasta,/home/sam/Software/PansimNuc/testing/Zymo_EarlGrey_chr19.gff,50,500,1e-8,double_exp,1e14,1e7,0.5,true,1e-8,2,250,0.01,true
38,/home/sam/Software/PansimNuc/testing/Zymo_chr19.gff,/home/sam/Software/PansimNuc/testing/Zymo_chr19.fasta,/home/sam/Software/PansimNuc/testing/Zymo_EarlGrey_chr19.gff,50,500,1e-8,double_exp,1e14,1e7,0.5,true,1e-8,2,250,0.1,true
39,/home/sam/Software/PansimNuc/testing/Zymo_chr19.gff,/home/sam/Software/PansimNuc/testing/Zymo_chr19.fasta,/home/sam/Software/PansimNuc/testing/Zymo_EarlGrey_chr19.gff,50,500,1e-8,double_exp,1e14,1e7,0.5,true,1e-6,2,250,0.0,true
40,/home/sam/Software/PansimNuc/testing/Zymo_chr19.gff,/home/sam/Software/PansimNuc/testing/Zymo_chr19.fasta,/home/sam/Software/PansimNuc/testing/Zymo_EarlGrey_chr19.gff,50,500,1e-8,double_exp,1e14,1e7,0.5,true,1e-6,2,250,0.01,true
41,/home/sam/Software/PansimNuc/testing/Zymo_chr19.gff,/home/sam/Software/PansimNuc/testing/Zymo_chr19.fasta,/home/sam/Software/PansimNuc/testing/Zymo_EarlGrey_chr19.gff,50,500,1e-8,double_exp,1e14,1e7,0.5,true,1e-6,2,250,0.1,true
42,/home/sam/Software/PansimNuc/testing/Zymo_chr19.gff,/home/sam/Software/PansimNuc/testing/Zymo_chr19.fasta,/home/sam/Software/PansimNuc/testing/Zymo_EarlGrey_chr19.gff,50,500,1e-8,double_exp,1e14,1e7,0.5,true,1e-4,2,250,0.0,true
43,/home/sam/Software/PansimNuc/testing/Zymo_chr19.gff,/home/sam/Software/PansimNuc/testing/Zymo_chr19.fasta,/home/sam/Software/PansimNuc/testing/Zymo_EarlGrey_chr19.gff,50,500,1e-8,double_exp,1e14,1e7,0.5,true,1e-4,2,250,0.01,true
44,/home/sam/Software/PansimNuc/testing/Zymo_chr19.gff,/home/sam/Software/PansimNuc/testing/Zymo_chr19.fasta,/home/sam/Software/PansimNuc/testing/Zymo_EarlGrey_chr19.gff,50,500,1e-8,double_exp,1e14,1e7,0.5,true,1e-4,2,250,0.1,true
45,/home/sam/Software/PansimNuc/testing/Zymo_chr19.gff,/home/sam/Software/PansimNuc/testing/Zymo_chr19.fasta,/home/sam/Software/PansimNuc/testing/Zymo_EarlGrey_chr19.gff,50,500,1e-8,double_exp,1e14,1e7,0.9,true,1e-8,2,250,0.0,true
46,/home/sam/Software/PansimNuc/testing/Zymo_chr19.gff,/home/sam/Software/PansimNuc/testing/Zymo_chr19.fasta,/home/sam/Software/PansimNuc/testing/Zymo_EarlGrey_chr19.gff,50,500,1e-8,double_exp,1e14,1e7,0.9,true,1e-8,2,250,0.01,true
47,/home/sam/Software/PansimNuc/testing/Zymo_chr19.gff,/home/sam/Software/PansimNuc/testing/Zymo_chr19.fasta,/home/sam/Software/PansimNuc/testing/Zymo_EarlGrey_chr19.gff,50,500,1e-8,double_exp,1e14,1e7,0.9,true,1e-8,2,250,0.1,true
48,/home/sam/Software/PansimNuc/testing/Zymo_chr19.gff,/home/sam/Software/PansimNuc/testing/Zymo_chr19.fasta,/home/sam/Software/PansimNuc/testing/Zymo_EarlGrey_chr19.gff,50,500,1e-8,double_exp,1e14,1e7,0.9,true,1e-6,2,250,0.0,true
49,/home/sam/Software/PansimNuc/testing/Zymo_chr19.gff,/home/sam/Software/PansimNuc/testing/Zymo_chr19.fasta,/home/sam/Software/PansimNuc/testing/Zymo_EarlGrey_chr19.gff,50,500,1e-8,double_exp,1e14,1e7,0.9,true,1e-6,2,250,0.01,true
50,/home/sam/Software/PansimNuc/testing/Zymo_chr19.gff,/home/sam/Software/PansimNuc/testing/Zymo_chr19.fasta,/home/sam/Software/PansimNuc/testing/Zymo_EarlGrey_chr19.gff,50,500,1e-8,double_exp,1e14,1e7,0.9,true,1e-6,2,250,0.1,true
51,/home/sam/Software/PansimNuc/testing/Zymo_chr19.gff,/home/sam/Software/PansimNuc/testing/Zymo_chr19.fasta,/home/sam/Software/PansimNuc/testing/Zymo_EarlGrey_chr19.gff,50,500,1e-8,double_exp,1e14,1e7,0.9,true,1e-4,2,250,0.0,true
52,/home/sam/Software/PansimNuc/testing/Zymo_chr19.gff,/home/sam/Software/PansimNuc/testing/Zymo_chr19.fasta,/home/sam/Software/PansimNuc/testing/Zymo_EarlGrey_chr19.gff,50,500,1e-8,double_exp,1e14,1e7,0.9,true,1e-4,2,250,0.01,true
53,/home/sam/Software/PansimNuc/testing/Zymo_chr19.gff,/home/sam/Software/PansimNuc/testing/Zymo_chr19.fasta,/home/sam/Software/PansimNuc/testing/Zymo_EarlGrey_chr19.gff,50,500,1e-8,double_exp,1e14,1e7,0.9,true,1e-4,2,250,0.1,true
54,/home/sam/Software/PansimNuc/testing/Zymo_chr19.gff,/home/sam/Software/PansimNuc/testing/Zymo_chr19.fasta,/home/sam/Software/PansimNuc/testing/Zymo_EarlGrey_chr19.gff,50,500,1e-8,double_exp,1e14,1e1,0.1,true,1e-8,2,250,0.0,true
55,/home/sam/Software/PansimNuc/testing/Zymo_chr19.gff,/home/sam/Software/PansimNuc/testing/Zymo_chr19.fasta,/home/sam/Software/PansimNuc/testing/Zymo_EarlGrey_chr19.gff,50,500,1e-8,double_exp,1e14,1e1,0.1,true,1e-8,2,250,0.01,true
56,/home/sam/Software/PansimNuc/testing/Zymo_chr19.gff,/home/sam/Software/PansimNuc/testing/Zymo_chr19.fasta,/home/sam/Software/PansimNuc/testing/Zymo_EarlGrey_chr19.gff,50,500,1e-8,double_exp,1e14,1e1,0.1,true,1e-8,2,250,0.1,true
57,/home/sam/Software/PansimNuc/testing/Zymo_chr19.gff,/home/sam/Software/PansimNuc/testing/Zymo_chr19.fasta,/home/sam/Software/PansimNuc/testing/Zymo_EarlGrey_chr19.gff,50,500,1e-8,double_exp,1e14,1e1,0.1,true,1e-6,2,250,0.0,true
58,/home/sam/Software/PansimNuc/testing/Zymo_chr19.gff,/home/sam/Software/PansimNuc/testing/Zymo_chr19.fasta,/home/sam/Software/PansimNuc/testing/Zymo_EarlGrey_chr19.gff,50,500,1e-8,double_exp,1e14,1e1,0.1,true,1e-6,2,250,0.01,true
59,/home/sam/Software/PansimNuc/testing/Zymo_chr19.gff,/home/sam/Software/PansimNuc/testing/Zymo_chr19.fasta,/home/sam/Software/PansimNuc/testing/Zymo_EarlGrey_chr19.gff,50,500,1e-8,double_exp,1e14,1e1,0.1,true,1e-6,2,250,0.1,true
60,/home/sam/Software/PansimNuc/testing/Zymo_chr19.gff,/home/sam/Software/PansimNuc/testing/Zymo_chr19.fasta,/home/sam/Software/PansimNuc/testing/Zymo_EarlGrey_chr19.gff,50,500,1e-8,double_exp,1e14,1e1,0.1,true,1e-4,2,250,0.0,true
61,/home/sam/Software/PansimNuc/testing/Zymo_chr19.gff,/home/sam/Software/PansimNuc/testing/Zymo_chr19.fasta,/home/sam/Software/PansimNuc/testing/Zymo_EarlGrey_chr19.gff,50,500,1e-8,double_exp,1e14,1e1,0.1,true,1e-4,2,250,0.01,true
62,/home/sam/Software/PansimNuc/testing/Zymo_chr19.gff,/home/sam/Software/PansimNuc/testing/Zymo_chr19.fasta,/home/sam/Software/PansimNuc/testing/Zymo_EarlGrey_chr19.gff,50,500,1e-8,double_exp,1e14,1e1,0.1,true,1e-4,2,250,0.1,true
63,/home/sam/Software/PansimNuc/testing/Zymo_chr19.gff,/home/sam/Software/PansimNuc/testing/Zymo_chr19.fasta,/home/sam/Software/PansimNuc/testing/Zymo_EarlGrey_chr19.gff,50,500,1e-8,double_exp,1e14,1e1,0.5,true,1e-8,2,250,0.0,true
64,/home/sam/Software/PansimNuc/testing/Zymo_chr19.gff,/home/sam/Software/PansimNuc/testing/Zymo_chr19.fasta,/home/sam/Software/PansimNuc/testing/Zymo_EarlGrey_chr19.gff,50,500,1e-8,double_exp,1e14,1e1,0.5,true,1e-8,2,250,0.01,true
65,/home/sam/Software/PansimNuc/testing/Zymo_chr19.gff,/home/sam/Software/PansimNuc/testing/Zymo_chr19.fasta,/home/sam/Software/PansimNuc/testing/Zymo_EarlGrey_chr19.gff,50,500,1e-8,double_exp,1e14,1e1,0.5,true,1e-8,2,250,0.1,true
66,/home/sam/Software/PansimNuc/testing/Zymo_chr19.gff,/home/sam/Software/PansimNuc/testing/Zymo_chr19.fasta,/home/sam/Software/PansimNuc/testing/Zymo_EarlGrey_chr19.gff,50,500,1e-8,double_exp,1e14,1e1,0.5,true,1e-6,2,250,0.0,true
67,/home/sam/Software/PansimNuc/testing/Zymo_chr19.gff,/home/sam/Software/PansimNuc/testing/Zymo_chr19.fasta,/home/sam/Software/PansimNuc/testing/Zymo_EarlGrey_chr19.gff,50,500,1e-8,double_exp,1e14,1e1,0.5,true,1e-6,2,250,0.01,true
68,/home/sam/Software/PansimNuc/testing/Zymo_chr19.gff,/home/sam/Software/PansimNuc/testing/Zymo_chr19.fasta,/home/sam/Software/PansimNuc/testing/Zymo_EarlGrey_chr19.gff,50,500,1e-8,double_exp,1e14,1e1,0.5,true,1e-6,2,250,0.1,true
69,/home/sam/Software/PansimNuc/testing/Zymo_chr19.gff,/home/sam/Software/PansimNuc/testing/Zymo_chr19.fasta,/home/sam/Software/PansimNuc/testing/Zymo_EarlGrey_chr19.gff,50,500,1e-8,double_exp,1e14,1e1,0.5,true,1e-4,2,250,0.0,true
70,/home/sam/Software/PansimNuc/testing/Zymo_chr19.gff,/home/sam/Software/PansimNuc/testing/Zymo_chr19.fasta,/home/sam/Software/PansimNuc/testing/Zymo_EarlGrey_chr19.gff,50,500,1e-8,double_exp,1e14,1e1,0.5,true,1e-4,2,250,0.01,true
71,/home/sam/Software/PansimNuc/testing/Zymo_chr19.gff,/home/sam/Software/PansimNuc/testing/Zymo_chr19.fasta,/home/sam/Software/PansimNuc/testing/Zymo_EarlGrey_chr19.gff,50,500,1e-8,double_exp,1e14,1e1,0.5,true,1e-4,2,250,0.1,true
72,/home/sam/Software/PansimNuc/testing/Zymo_chr19.gff,/home/sam/Software/PansimNuc/testing/Zymo_chr19.fasta,/home/sam/Software/PansimNuc/testing/Zymo_EarlGrey_chr19.gff,50,500,1e-8,double_exp,1e14,1e1,0.9,true,1e-8,2,250,0.0,true
73,/home/sam/Software/PansimNuc/testing/Zymo_chr19.gff,/home/sam/Software/PansimNuc/testing/Zymo_chr19.fasta,/home/sam/Software/PansimNuc/testing/Zymo_EarlGrey_chr19.gff,50,500,1e-8,double_exp,1e14,1e1,0.9,true,1e-8,2,250,0.01,true
74,/home/sam/Software/PansimNuc/testing/Zymo_chr19.gff,/home/sam/Software/PansimNuc/testing/Zymo_chr19.fasta,/home/sam/Software/PansimNuc/testing/Zymo_EarlGrey_chr19.gff,50,500,1e-8,double_exp,1e14,1e1,0.9,true,1e-8,2,250,0.1,true
75,/home/sam/Software/PansimNuc/testing/Zymo_chr19.gff,/home/sam/Software/PansimNuc/testing/Zymo_chr19.fasta,/home/sam/Software/PansimNuc/testing/Zymo_EarlGrey_chr19.gff,50,500,1e-8,double_exp,1e14,1e1,0.9,true,1e-6,2,250,0.0,true
76,/home/sam/Software/PansimNuc/testing/Zymo_chr19.gff,/home/sam/Software/PansimNuc/testing/Zymo_chr19.fasta,/home/sam/Software/PansimNuc/testing/Zymo_EarlGrey_chr19.gff,50,500,1e-8,double_exp,1e14,1e1,0.9,true,1e-6,2,250,0.01,true
77,/home/sam/Software/PansimNuc/testing/Zymo_chr19.gff,/home/sam/Software/PansimNuc/testing/Zymo_chr19.fasta,/home/sam/Software/PansimNuc/testing/Zymo_EarlGrey_chr19.gff,50,500,1e-8,double_exp,1e14,1e1,0.9,true,1e-6,2,250,0.1,true
78,/home/sam/Software/PansimNuc/testing/Zymo_chr19.gff,/home/sam/Software/PansimNuc/testing/Zymo_chr19.fasta,/home/sam/Software/PansimNuc/testing/Zymo_EarlGrey_chr19.gff,50,500,1e-8,double_exp,1e14,1e1,0.9,true,1e-4,2,250,0.0,true
79,/home/sam/Software/PansimNuc/testing/Zymo_chr19.gff,/home/sam/Software/PansimNuc/testing/Zymo_chr19.fasta,/home/sam/Software/PansimNuc/testing/Zymo_EarlGrey_chr19.gff,50,500,1e-8,double_exp,1e14,1e1,0.9,true,1e-4,2,250,0.01,true
80,/home/sam/Software/PansimNuc/testing/Zymo_chr19.gff,/home/sam/Software/PansimNuc/testing/Zymo_chr19.fasta,/home/sam/Software/PansimNuc/testing/Zymo_EarlGrey_chr19.gff,50,500,1e-8,double_exp,1e14,1e1,0.9,true,1e-4,2,250,0.1,true
81,/home/sam/Software/PansimNuc/testing/Zymo_chr19.gff,/home/sam/Software/PansimNuc/testing/Zymo_chr19.fasta,/home/sam/Software/PansimNuc/testing/Zymo_EarlGrey_chr19.gff,50,500,1e-8,double_exp,1e7,1e14,0.1,true,1e-8,2,250,0.0,true
82,/home/sam/Software/PansimNuc/testing/Zymo_chr19.gff,/home/sam/Software/PansimNuc/testing/Zymo_chr19.fasta,/home/sam/Software/PansimNuc/testing/Zymo_EarlGrey_chr19.gff,50,500,1e-8,double_exp,1e7,1e14,0.1,true,1e-8,2,250,0.01,true
83,/home/sam/Software/PansimNuc/testing/Zymo_chr19.gff,/home/sam/Software/PansimNuc/testing/Zymo_chr19.fasta,/home/sam/Software/PansimNuc/testing/Zymo_EarlGrey_chr19.gff,50,500,1e-8,double_exp,1e7,1e14,0.1,true,1e-8,2,250,0.1,true
84,/home/sam/Software/PansimNuc/testing/Zymo_chr19.gff,/home/sam/Software/PansimNuc/testing/Zymo_chr19.fasta,/home/sam/Software/PansimNuc/testing/Zymo_EarlGrey_chr19.gff,50,500,1e-8,double_exp,1e7,1e14,0.1,true,1e-6,2,250,0.0,true
85,/home/sam/Software/PansimNuc/testing/Zymo_chr19.gff,/home/sam/Software/PansimNuc/testing/Zymo_chr19.fasta,/home/sam/Software/PansimNuc/testing/Zymo_EarlGrey_chr19.gff,50,500,1e-8,double_exp,1e7,1e14,0.1,true,1e-6,2,250,0.01,true
86,/home/sam/Software/PansimNuc/testing/Zymo_chr19.gff,/home/sam/Software/PansimNuc/testing/Zymo_chr19.fasta,/home/sam/Software/PansimNuc/testing/Zymo_EarlGrey_chr19.gff,50,500,1e-8,double_exp,1e7,1e14,0.1,true,1e-6,2,250,0.1,true
87,/home/sam/Software/PansimNuc/testing/Zymo_chr19.gff,/home/sam/Software/PansimNuc/testing/Zymo_chr19.fasta,/home/sam/Software/PansimNuc/testing/Zymo_EarlGrey_chr19.gff,50,500,1e-8,double_exp,1e7,1e14,0.1,true,1e-4,2,250,0.0,true
88,/home/sam/Software/PansimNuc/testing/Zymo_chr19.gff,/home/sam/Software/PansimNuc/testing/Zymo_chr19.fasta,/home/sam/Software/PansimNuc/testing/Zymo_EarlGrey_chr19.gff,50,500,1e-8,double_exp,1e7,1e14,0.1,true,1e-4,2,250,0.01,true
89,/home/sam/Software/PansimNuc/testing/Zymo_chr19.gff,/home/sam/Software/PansimNuc/testing/Zymo_chr19.fasta,/home/sam/Software/PansimNuc/testing/Zymo_EarlGrey_chr19.gff,50,500,1e-8,double_exp,1e7,1e14,0.1,true,1e-4,2,250,0.1,true
90,/home/sam/Software/PansimNuc/testing/Zymo_chr19.gff,/home/sam/Software/PansimNuc/testing/Zymo_chr19.fasta,/home/sam/Software/PansimNuc/testing/Zymo_EarlGrey_chr19.gff,50,500,1e-8,double_exp,1e7,1e14,0.5,true,1e-8,2,250,0.0,true
91,/home/sam/Software/PansimNuc/testing/Zymo_chr19.gff,/home/sam/Software/PansimNuc/testing/Zymo_chr19.fasta,/home/sam/Software/PansimNuc/testing/Zymo_EarlGrey_chr19.gff,50,500,1e-8,double_exp,1e7,1e14,0.5,true,1e-8,2,250,0.01,true
92,/home/sam/Software/PansimNuc/testing/Zymo_chr19.gff,/home/sam/Software/PansimNuc/testing/Zymo_chr19.fasta,/home/sam/Software/PansimNuc/testing/Zymo_EarlGrey_chr19.gff,50,500,1e-8,double_exp,1e7,1e14,0.5,true,1e-8,2,250,0.1,true
93,/home/sam/Software/PansimNuc/testing/Zymo_chr19.gff,/home/sam/Software/PansimNuc/testing/Zymo_chr19.fasta,/home/sam/Software/PansimNuc/testing/Zymo_EarlGrey_chr19.gff,50,500,1e-8,double_exp,1e7,1e14,0.5,true,1e-6,2,250,0.0,true
94,/home/sam/Software/PansimNuc/testing/Zymo_chr19.gff,/home/sam/Software/PansimNuc/testing/Zymo_chr19.fasta,/home/sam/Software/PansimNuc/testing/Zymo_EarlGrey_chr19.gff,50,500,1e-8,double_exp,1e7,1e14,0.5,true,1e-6,2,250,0.01,true
95,/home/sam/Software/PansimNuc/testing/Zymo_chr19.gff,/home/sam/Software/PansimNuc/testing/Zymo_chr19.fasta,/home/sam/Software/PansimNuc/testing/Zymo_EarlGrey_chr19.gff,50,500,1e-8,double_exp,1e7,1e14,0.5,true,1e-6,2,250,0.1,true
96,/home/sam/Software/PansimNuc/testing/Zymo_chr19.gff,/home/sam/Software/PansimNuc/testing/Zymo_chr19.fasta,/home/sam/Software/PansimNuc/testing/Zymo_EarlGrey_chr19.gff,50,500,1e-8,double_exp,1e7,1e14,0.5,true,1e-4,2,250,0.0,true
97,/home/sam/Software/PansimNuc/testing/Zymo_chr19.gff,/home/sam/Software/PansimNuc/testing/Zymo_chr19.fasta,/home/sam/Software/PansimNuc/testing/Zymo_EarlGrey_chr19.gff,50,500,1e-8,double_exp,1e7,1e14,0.5,true,1e-4,2,250,0.01,true
98,/home/sam/Software/PansimNuc/testing/Zymo_chr19.gff,/home/sam/Software/PansimNuc/testing/Zymo_chr19.fasta,/home/sam/Software/PansimNuc/testing/Zymo_EarlGrey_chr19.gff,50,500,1e-8,double_exp,1e7,1e14,0.5,true,1e-4,2,250,0.1,true
99,/home/sam/Software/PansimNuc/testing/Zymo_chr19.gff,/home/sam/Software/PansimNuc/testing/Zymo_chr19.fasta,/home/sam/Software/PansimNuc/testing/Zymo_EarlGrey_chr19.gff,50,500,1e-8,double_exp,1e7,1e14,0.9,true,1e-8,2,250,0.0,true
100,/home/sam/Software/PansimNuc/testing/Zymo_chr19.gff,/home/sam/Software/PansimNuc/testing/Zymo_chr19.fasta,/home/sam/Software/PansimNuc/testing/Zymo_EarlGrey_chr19.gff,50,500,1e-8,double_exp,1e7,1e14,0.9,true,1e-8,2,250,0.01,true
101,/home/sam/Software/PansimNuc/testing/Zymo_chr19.gff,/home/sam/Software/PansimNuc/testing/Zymo_chr19.fasta,/home/sam/Software/PansimNuc/testing/Zymo_EarlGrey_chr19.gff,50,500,1e-8,double_exp,1e7,1e14,0.9,true,1e-8,2,250,0.1,true
102,/home/sam/Software/PansimNuc/testing/Zymo_chr19.gff,/home/sam/Software/PansimNuc/testing/Zymo_chr19.fasta,/home/sam/Software/PansimNuc/testing/Zymo_EarlGrey_chr19.gff,50,500,1e-8,double_exp,1e7,1e14,0.9,true,1e-6,2,250,0.0,true
103,/home/sam/Software/PansimNuc/testing/Zymo_chr19.gff,/home/sam/Software/PansimNuc/testing/Zymo_chr19.fasta,/home/sam/Software/PansimNuc/testing/Zymo_EarlGrey_chr19.gff,50,500,1e-8,double_exp,1e7,1e14,0.9,true,1e-6,2,250,0.01,true
104,/home/sam/Software/PansimNuc/testing/Zymo_chr19.gff,/home/sam/Software/PansimNuc/testing/Zymo_chr19.fasta,/home/sam/Software/PansimNuc/testing/Zymo_EarlGrey_chr19.gff,50,500,1e-8,double_exp,1e7,1e14,0.9,true,1e-6,2,250,0.1,true
105,/home/sam/Software/PansimNuc/testing/Zymo_chr19.gff,/home/sam/Software/PansimNuc/testing/Zymo_chr19.fasta,/home/sam/Software/PansimNuc/testing/Zymo_EarlGrey_chr19.gff,50,500,1e-8,double_exp,1e7,1e14,0.9,true,1e-4,2,250,0.0,true
106,/home/sam/Software/PansimNuc/testing/Zymo_chr19.gff,/home/sam/Software/PansimNuc/testing/Zymo_chr19.fasta,/home/sam/Software/PansimNuc/testing/Zymo_EarlGrey_chr19.gff,50,500,1e-8,double_exp,1e7,1e14,0.9,true,1e-4,2,250,0.01,true
107,/home/sam/Software/PansimNuc/testing/Zymo_chr19.gff,/home/sam/Software/PansimNuc/testing/Zymo_chr19.fasta,/home/sam/Software/PansimNuc/testing/Zymo_EarlGrey_chr19.gff,50,500,1e-8,double_exp,1e7,1e14,0.9,true,1e-4,2,250,0.1,true
108,/home/sam/Software/PansimNuc/testing/Zymo_chr19.gff,/home/sam/Software/PansimNuc/testing/Zymo_chr19.fasta,/home/sam/Software/PansimNuc/testing/Zymo_EarlGrey_chr19.gff,50,500,1e-8,double_exp,1e7,1e7,0.1,true,1e-8,2,250,0.0,true
109,/home/sam/Software/PansimNuc/testing/Zymo_chr19.gff,/home/sam/Software/PansimNuc/testing/Zymo_chr19.fasta,/home/sam/Software/PansimNuc/testing/Zymo_EarlGrey_chr19.gff,50,500,1e-8,double_exp,1e7,1e7,0.1,true,1e-8,2,250,0.01,true
110,/home/sam/Software/PansimNuc/testing/Zymo_chr19.gff,/home/sam/Software/PansimNuc/testing/Zymo_chr19.fasta,/home/sam/Software/PansimNuc/testing/Zymo_EarlGrey_chr19.gff,50,500,1e-8,double_exp,1e7,1e7,0.1,true,1e-8,2,250,0.1,true
111,/home/sam/Software/PansimNuc/testing/Zymo_chr19.gff,/home/sam/Software/PansimNuc/testing/Zymo_chr19.fasta,/home/sam/Software/PansimNuc/testing/Zymo_EarlGrey_chr19.gff,50,500,1e-8,double_exp,1e7,1e7,0.1,true,1e-6,2,250,0.0,true
112,/home/sam/Software/PansimNuc/testing/Zymo_chr19.gff,/home/sam/Software/PansimNuc/testing/Zymo_chr19.fasta,/home/sam/Software/PansimNuc/testing/Zymo_EarlGrey_chr19.gff,50,500,1e-8,double_exp,1e7,1e7,0.1,true,1e-6,2,250,0.01,true
113,/home/sam/Software/PansimNuc/testing/Zymo_chr19.gff,/home/sam/Software/PansimNuc/testing/Zymo_chr19.fasta,/home/sam/Software/PansimNuc/testing/Zymo_EarlGrey_chr19.gff,50,500,1e-8,double_exp,1e7,1e7,0.1,true,1e-6,2,250,0.1,true
114,/home/sam/Software/PansimNuc/testing/Zymo_chr19.gff,/home/sam/Software/PansimNuc/testing/Zymo_chr19.fasta,/home/sam/Software/PansimNuc/testing/Zymo_EarlGrey_chr19.gff,50,500,1e-8,double_exp,1e7,1e7,0.1,true,1e-4,2,250,0.0,true
115,/home/sam/Software/PansimNuc/testing/Zymo_chr19.gff,/home/sam/Software/PansimNuc/testing/Zymo_chr19.fasta,/home/sam/Software/PansimNuc/testing/Zymo_EarlGrey_chr19.gff,50,500,1e-8,double_exp,1e7,1e7,0.1,true,1e-4,2,250,0.01,true
116,/home/sam/Software/PansimNuc/testing/Zymo_chr19.gff,/home/sam/Software/PansimNuc/testing/Zymo_chr19.fasta,/home/sam/Software/PansimNuc/testing/Zymo_EarlGrey_chr19.gff,50,500,1e-8,double_exp,1e7,1e7,0.1,true,1e-4,2,250,0.1,true
117,/home/sam/Software/PansimNuc/testing/Zymo_chr19.gff,/home/sam/Software/PansimNuc/testing/Zymo_chr19.fasta,/home/sam/Software/PansimNuc/testing/Zymo_EarlGrey_chr19.gff,50,500,1e-8,double_exp,1e7,1e7,0.5,true,1e-8,2,250,0.0,true
118,/home/sam/Software/PansimNuc/testing/Zymo_chr19.gff,/home/sam/Software/PansimNuc/testing/Zymo_chr19.fasta,/home/sam/Software/PansimNuc/testing/Zymo_EarlGrey_chr19.gff,50,500,1e-8,double_exp,1e7,1e7,0.5,true,1e-8,2,250,0.01,true
119,/home/sam/Software/PansimNuc/testing/Zymo_chr19.gff,/home/sam/Software/PansimNuc/testing/Zymo_chr19.fasta,/home/sam/Software/PansimNuc/testing/Zymo_EarlGrey_chr19.gff,50,500,1e-8,double_exp,1e7,1e7,0.5,true,1e-8,2,250,0.1,true
120,/home/sam/Software/PansimNuc/testing/Zymo_chr19.gff,/home/sam/Software/PansimNuc/testing/Zymo_chr19.fasta,/home/sam/Software/PansimNuc/testing/Zymo_EarlGrey_chr19.gff,50,500,1e-8,double_exp,1e7,1e7,0.5,true,1e-6,2,250,0.0,true
121,/home/sam/Software/PansimNuc/testing/Zymo_chr19.gff,/home/sam/Software/PansimNuc/testing/Zymo_chr19.fasta,/home/sam/Software/PansimNuc/testing/Zymo_EarlGrey_chr19.gff,50,500,1e-8,double_exp,1e7,1e7,0.5,true,1e-6,2,250,0.01,true
122,/home/sam/Software/PansimNuc/testing/Zymo_chr19.gff,/home/sam/Software/PansimNuc/testing/Zymo_chr19.fasta,/home/sam/Software/PansimNuc/testing/Zymo_EarlGrey_chr19.gff,50,500,1e-8,double_exp,1e7,1e7,0.5,true,1e-6,2,250,0.1,true
123,/home/sam/Software/PansimNuc/testing/Zymo_chr19.gff,/home/sam/Software/PansimNuc/testing/Zymo_chr19.fasta,/home/sam/Software/PansimNuc/testing/Zymo_EarlGrey_chr19.gff,50,500,1e-8,double_exp,1e7,1e7,0.5,true,1e-4,2,250,0.0,true
124,/home/sam/Software/PansimNuc/testing/Zymo_chr19.gff,/home/sam/Software/PansimNuc/testing/Zymo_chr19.fasta,/home/sam/Software/PansimNuc/testing/Zymo_EarlGrey_chr19.gff,50,500,1e-8,double_exp,1e7,1e7,0.5,true,1e-4,2,250,0.01,true
125,/home/sam/Software/PansimNuc/testing/Zymo_chr19.gff,/home/sam/Software/PansimNuc/testing/Zymo_chr19.fasta,/home/sam/Software/PansimNuc/testing/Zymo_EarlGrey_chr19.gff,50,500,1e-8,double_exp,1e7,1e7,0.5,true,1e-4,2,250,0.1,true
126,/home/sam/Software/PansimNuc/testing/Zymo_chr19.gff,/home/sam/Software/PansimNuc/testing/Zymo_chr19.fasta,/home/sam/Software/PansimNuc/testing/Zymo_EarlGrey_chr19.gff,50,500,1e-8,double_exp,1e7,1e7,0.9,true,1e-8,2,250,0.0,true
127,/home/sam/Software/PansimNuc/testing/Zymo_chr19.gff,/home/sam/Software/PansimNuc/testing/Zymo_chr19.fasta,/home/sam/Software/PansimNuc/testing/Zymo_EarlGrey_chr19.gff,50,500,1e-8,double_exp,1e7,1e7,0.9,true,1e-8,2,250,0.01,true
128,/home/sam/Software/PansimNuc/testing/Zymo_chr19.gff,/home/sam/Software/PansimNuc/testing/Zymo_chr19.fasta,/home/sam/Software/PansimNuc/testing/Zymo_EarlGrey_chr19.gff,50,500,1e-8,double_exp,1e7,1e7,0.9,true,1e-8,2,250,0.1,true
129,/home/sam/Software/PansimNuc/testing/Zymo_chr19.gff,/home/sam/Software/PansimNuc/testing/Zymo_chr19.fasta,/home/sam/Software/PansimNuc/testing/Zymo_EarlGrey_chr19.gff,50,500,1e-8,double_exp,1e7,1e7,0.9,true,1e-6,2,250,0.0,true
130,/home/sam/Software/PansimNuc/testing/Zymo_chr19.gff,/home/sam/Software/PansimNuc/testing/Zymo_chr19.fasta,/home/sam/Software/PansimNuc/testing/Zymo_EarlGrey_chr19.gff,50,500,1e-8,double_exp,1e7,1e7,0.9,true,1e-6,2,250,0.01,true
131,/home/sam/Software/PansimNuc/testing/Zymo_chr19.gff,/home/sam/Software/PansimNuc/testing/Zymo_chr19.fasta,/home/sam/Software/PansimNuc/testing/Zymo_EarlGrey_chr19.gff,50,500,1e-8,double_exp,1e7,1e7,0.9,true,1e-6,2,250,0.1,true
132,/home/sam/Software/PansimNuc/testing/Zymo_chr19.gff,/home/sam/Software/PansimNuc/testing/Zymo_chr19.fasta,/home/sam/Software/PansimNuc/testing/Zymo_EarlGrey_chr19.gff,50,500,1e-8,double_exp,1e7,1e7,0.9,true,1e-4,2,250,0.0,true
133,/home/sam/Software/PansimNuc/testing/Zymo_chr19.gff,/home/sam/Software/PansimNuc/testing/Zymo_chr19.fasta,/home/sam/Software/PansimNuc/testing/Zymo_EarlGrey_chr19.gff,50,500,1e-8,double_exp,1e7,1e7,0.9,true,1e-4,2,250,0.01,true
134,/home/sam/Software/PansimNuc/testing/Zymo_chr19.gff,/home/sam/Software/PansimNuc/testing/Zymo_chr19.fasta,/home/sam/Software/PansimNuc/testing/Zymo_EarlGrey_chr19.gff,50,500,1e-8,double_exp,1e7,1e7,0.9,true,1e-4,2,250,0.1,true
135,/home/sam/Software/PansimNuc/testing/Zymo_chr19.gff,/home/sam/Software/PansimNuc/testing/Zymo_chr19.fasta,/home/sam/Software/PansimNuc/testing/Zymo_EarlGrey_chr19.gff,50,500,1e-8,double_exp,1e7,1e1,0.1,true,1e-8,2,250,0.0,true
136,/home/sam/Software/PansimNuc/testing/Zymo_chr19.gff,/home/sam/Software/PansimNuc/testing/Zymo_chr19.fasta,/home/sam/Software/PansimNuc/testing/Zymo_EarlGrey_chr19.gff,50,500,1e-8,double_exp,1e7,1e1,0.1,true,1e-8,2,250,0.01,true
137,/home/sam/Software/PansimNuc/testing/Zymo_chr19.gff,/home/sam/Software/PansimNuc/testing/Zymo_chr19.fasta,/home/sam/Software/PansimNuc/testing/Zymo_EarlGrey_chr19.gff,50,500,1e-8,double_exp,1e7,1e1,0.1,true,1e-8,2,250,0.1,true
138,/home/sam/Software/PansimNuc/testing/Zymo_chr19.gff,/home/sam/Software/PansimNuc/testing/Zymo_chr19.fasta,/home/sam/Software/PansimNuc/testing/Zymo_EarlGrey_chr19.gff,50,500,1e-8,double_exp,1e7,1e1,0.1,true,1e-6,2,250,0.0,true
139,/home/sam/Software/PansimNuc/testing/Zymo_chr19.gff,/home/sam/Software/PansimNuc/testing/Zymo_chr19.fasta,/home/sam/Software/PansimNuc/testing/Zymo_EarlGrey_chr19.gff,50,500,1e-8,double_exp,1e7,1e1,0.1,true,1e-6,2,250,0.01,true
140,/home/sam/Software/PansimNuc/testing/Zymo_chr19.gff,/home/sam/Software/PansimNuc/testing/Zymo_chr19.fasta,/home/sam/Software/PansimNuc/testing/Zymo_EarlGrey_chr19.gff,50,500,1e-8,double_exp,1e7,1e1,0.1,true,1e-6,2,250,0.1,true
141,/home/sam/Software/PansimNuc/testing/Zymo_chr19.gff,/home/sam/Software/PansimNuc/testing/Zymo_chr19.fasta,/home/sam/Software/PansimNuc/testing/Zymo_EarlGrey_chr19.gff,50,500,1e-8,double_exp,1e7,1e1,0.1,true,1e-4,2,250,0.0,true
142,/home/sam/Software/PansimNuc/testing/Zymo_chr19.gff,/home/sam/Software/PansimNuc/testing/Zymo_chr19.fasta,/home/sam/Software/PansimNuc/testing/Zymo_EarlGrey_chr19.gff,50,500,1e-8,double_exp,1e7,1e1,0.1,true,1e-4,2,250,0.01,true
143,/home/sam/Software/PansimNuc/testing/Zymo_chr19.gff,/home/sam/Software/PansimNuc/testing/Zymo_chr19.fasta,/home/sam/Software/PansimNuc/testing/Zymo_EarlGrey_chr19.gff,50,500,1e-8,double_exp,1e7,1e1,0.1,true,1e-4,2,250,0.1,true
144,/home/sam/Software/PansimNuc/testing/Zymo_chr19.gff,/home/sam/Software/PansimNuc/testing/Zymo_chr19.fasta,/home/sam/Software/PansimNuc/testing/Zymo_EarlGrey_chr19.gff,50,500,1e-8,double_exp,1e7,1e1,0.5,true,1e-8,2,250,0.0,true
145,/home/sam/Software/PansimNuc/testing/Zymo_chr19.gff,/home/sam/Software/PansimNuc/testing/Zymo_chr19.fasta,/home/sam/Software/PansimNuc/testing/Zymo_EarlGrey_chr19.gff,50,500,1e-8,double_exp,1e7,1e1,0.5,true,1e-8,2,250,0.01,true
146,/home/sam/Software/PansimNuc/testing/Zymo_chr19.gff,/home/sam/Software/PansimNuc/testing/Zymo_chr19.fasta,/home/sam/Software/PansimNuc/testing/Zymo_EarlGrey_chr19.gff,50,500,1e-8,double_exp,1e7,1e1,0.5,true,1e-8,2,250,0.1,true
147,/home/sam/Software/PansimNuc/testing/Zymo_chr19.gff,/home/sam/Software/PansimNuc/testing/Zymo_chr19.fasta,/home/sam/Software/PansimNuc/testing/Zymo_EarlGrey_chr19.gff,50,500,1e-8,double_exp,1e7,1e1,0.5,true,1e-6,2,250,0.0,true
148,/home/sam/Software/PansimNuc/testing/Zymo_chr19.gff,/home/sam/Software/PansimNuc/testing/Zymo_chr19.fasta,/home/sam/Software/PansimNuc/testing/Zymo_EarlGrey_chr19.gff,50,500,1e-8,double_exp,1e7,1e1,0.5,true,1e-6,2,250,0.01,true
149,/home/sam/Software/PansimNuc/testing/Zymo_chr19.gff,/home/sam/Software/PansimNuc/testing/Zymo_chr19.fasta,/home/sam/Software/PansimNuc/testing/Zymo_EarlGrey_chr19.gff,50,500,1e-8,double_exp,1e7,1e1,0.5,true,1e-6,2,250,0.1,true
150,/home/sam/Software/PansimNuc/testing/Zymo_chr19.gff,/home/sam/Software/PansimNuc/testing/Zymo_chr19.fasta,/home/sam/Software/PansimNuc/testing/Zymo_EarlGrey_chr19.gff,50,500,1e-8,double_exp,1e7,1e1,0.5,true,1e-4,2,250,0.0,true
151,/home/sam/Software/PansimNuc/testing/Zymo_chr19.gff,/home/sam/Software/PansimNuc/testing/Zymo_chr19.fasta,/home/sam/Software/PansimNuc/testing/Zymo_EarlGrey_chr19.gff,50,500,1e-8,double_exp,1e7,1e1,0.5,true,1e-4,2,250,0.01,true
152,/home/sam/Software/PansimNuc/testing/Zymo_chr19.gff,/home/sam/Software/PansimNuc/testing/Zymo_chr19.fasta,/home/sam/Software/PansimNuc/testing/Zymo_EarlGrey_chr19.gff,50,500,1e-8,double_exp,1e7,1e1,0.5,true,1e-4,2,250,0.1,true
153,/home/sam/Software/PansimNuc/testing/Zymo_chr19.gff,/home/sam/Software/PansimNuc/testing/Zymo_chr19.fasta,/home/sam/Software/PansimNuc/testing/Zymo_EarlGrey_chr19.gff,50,500,1e-8,double_exp,1e7,1e1,0.9,true,1e-8,2,250,0.0,true
154,/home/sam/Software/PansimNuc/testing/Zymo_chr19.gff,/home/sam/Software/PansimNuc/testing/Zymo_chr19.fasta,/home/sam/Software/PansimNuc/testing/Zymo_EarlGrey_chr19.gff,50,500,1e-8,double_exp,1e7,1e1,0.9,true,1e-8,2,250,0.01,true
155,/home/sam/Software/PansimNuc/testing/Zymo_chr19.gff,/home/sam/Software/PansimNuc/testing/Zymo_chr19.fasta,/home/sam/Software/PansimNuc/testing/Zymo_EarlGrey_chr19.gff,50,500,1e-8,double_exp,1e7,1e1,0.9,true,1e-8,2,250,0.1,true
156,/home/sam/Software/PansimNuc/testing/Zymo_chr19.gff,/home/sam/Software/PansimNuc/testing/Zymo_chr19.fasta,/home/sam/Software/PansimNuc/testing/Zymo_EarlGrey_chr19.gff,50,500,1e-8,double_exp,1e7,1e1,0.9,true,1e-6,2,250,0.0,true
157,/home/sam/Software/PansimNuc/testing/Zymo_chr19.gff,/home/sam/Software/PansimNuc/testing/Zymo_chr19.fasta,/home/sam/Software/PansimNuc/testing/Zymo_EarlGrey_chr19.gff,50,500,1e-8,double_exp,1e7,1e1,0.9,true,1e-6,2,250,0.01,true
158,/home/sam/Software/PansimNuc/testing/Zymo_chr19.gff,/home/sam/Software/PansimNuc/testing/Zymo_chr19.fasta,/home/sam/Software/PansimNuc/testing/Zymo_EarlGrey_chr19.gff,50,500,1e-8,double_exp,1e7,1e1,0.9,true,1e-6,2,250,0.1,true
159,/home/sam/Software/PansimNuc/testing/Zymo_chr19.gff,/home/sam/Software/PansimNuc/testing/Zymo_chr19.fasta,/home/sam/Software/PansimNuc/testing/Zymo_EarlGrey_chr19.gff,50,500,1e-8,double_exp,1e7,1e1,0.9,true,1e-4,2,250,0.0,true
160,/home/sam/Software/PansimNuc/testing/Zymo_chr19.gff,/home/sam/Software/PansimNuc/testing/Zymo_chr19.fasta,/home/sam/Software/PansimNuc/testing/Zymo_EarlGrey_chr19.gff,50,500,1e-8,double_exp,1e7,1e1,0.9,true,1e-4,2,250,0.01,true
161,/home/sam/Software/PansimNuc/testing/Zymo_chr19.gff,/home/sam/Software/PansimNuc/testing/Zymo_chr19.fasta,/home/sam/Software/PansimNuc/testing/Zymo_EarlGrey_chr19.gff,50,500,1e-8,double_exp,1e7,1e1,0.9,true,1e-4,2,250,0.1,true
162,/home/sam/Software/PansimNuc/testing/Zymo_chr19.gff,/home/sam/Software/PansimNuc/testing/Zymo_chr19.fasta,/home/sam/Software/PansimNuc/testing/Zymo_EarlGrey_chr19.gff,50,500,1e-8,double_exp,1e1,1e14,0.1,true,1e-8,2,250,0.0,true
163,/home/sam/Software/PansimNuc/testing/Zymo_chr19.gff,/home/sam/Software/PansimNuc/testing/Zymo_chr19.fasta,/home/sam/Software/PansimNuc/testing/Zymo_EarlGrey_chr19.gff,50,500,1e-8,double_exp,1e1,1e14,0.1,true,1e-8,2,250,0.01,true
164,/home/sam/Software/PansimNuc/testing/Zymo_chr19.gff,/home/sam/Software/PansimNuc/testing/Zymo_chr19.fasta,/home/sam/Software/PansimNuc/testing/Zymo_EarlGrey_chr19.gff,50,500,1e-8,double_exp,1e1,1e14,0.1,true,1e-8,2,250,0.1,true
165,/home/sam/Software/PansimNuc/testing/Zymo_chr19.gff,/home/sam/Software/PansimNuc/testing/Zymo_chr19.fasta,/home/sam/Software/PansimNuc/testing/Zymo_EarlGrey_chr19.gff,50,500,1e-8,double_exp,1e1,1e14,0.1,true,1e-6,2,250,0.0,true
166,/home/sam/Software/PansimNuc/testing/Zymo_chr19.gff,/home/sam/Software/PansimNuc/testing/Zymo_chr19.fasta,/home/sam/Software/PansimNuc/testing/Zymo_EarlGrey_chr19.gff,50,500,1e-8,double_exp,1e1,1e14,0.1,true,1e-6,2,250,0.01,true
167,/home/sam/Software/PansimNuc/testing/Zymo_chr19.gff,/home/sam/Software/PansimNuc/testing/Zymo_chr19.fasta,/home/sam/Software/PansimNuc/testing/Zymo_EarlGrey_chr19.gff,50,500,1e-8,double_exp,1e1,1e14,0.1,true,1e-6,2,250,0.1,true
168,/home/sam/Software/PansimNuc/testing/Zymo_chr19.gff,/home/sam/Software/PansimNuc/testing/Zymo_chr19.fasta,/home/sam/Software/PansimNuc/testing/Zymo_EarlGrey_chr19.gff,50,500,1e-8,double_exp,1e1,1e14,0.1,true,1e-4,2,250,0.0,true
169,/home/sam/Software/PansimNuc/testing/Zymo_chr19.gff,/home/sam/Software/PansimNuc/testing/Zymo_chr19.fasta,/home/sam/Software/PansimNuc/testing/Zymo_EarlGrey_chr19.gff,50,500,1e-8,double_exp,1e1,1e14,0.1,true,1e-4,2,250,0.01,true
170,/home/sam/Software/PansimNuc/testing/Zymo_chr19.gff,/home/sam/Software/PansimNuc/testing/Zymo_chr19.fasta,/home/sam/Software/PansimNuc/testing/Zymo_EarlGrey_chr19.gff,50,500,1e-8,double_exp,1e1,1e14,0.1,true,1e-4,2,250,0.1,true
171,/home/sam/Software/PansimNuc/testing/Zymo_chr19.gff,/home/sam/Software/PansimNuc/testing/Zymo_chr19.fasta,/home/sam/Software/PansimNuc/testing/Zymo_EarlGrey_chr19.gff,50,500,1e-8,double_exp,1e1,1e14,0.5,true,1e-8,2,250,0.0,true
172,/home/sam/Software/PansimNuc/testing/Zymo_chr19.gff,/home/sam/Software/PansimNuc/testing/Zymo_chr19.fasta,/home/sam/Software/PansimNuc/testing/Zymo_EarlGrey_chr19.gff,50,500,1e-8,double_exp,1e1,1e14,0.5,true,1e-8,2,250,0.01,true
173,/home/sam/Software/PansimNuc/testing/Zymo_chr19.gff,/home/sam/Software/PansimNuc/testing/Zymo_chr19.fasta,/home/sam/Software/PansimNuc/testing/Zymo_EarlGrey_chr19.gff,50,500,1e-8,double_exp,1e1,1e14,0.5,true,1e-8,2,250,0.1,true
174,/home/sam/Software/PansimNuc/testing/Zymo_chr19.gff,/home/sam/Software/PansimNuc/testing/Zymo_chr19.fasta,/home/sam/Software/PansimNuc/testing/Zymo_EarlGrey_chr19.gff,50,500,1e-8,double_exp,1e1,1e14,0.5,true,1e-6,2,250,0.0,true
175,/home/sam/Software/PansimNuc/testing/Zymo_chr19.gff,/home/sam/Software/PansimNuc/testing/Zymo_chr19.fasta,/home/sam/Software/PansimNuc/testing/Zymo_EarlGrey_chr19.gff,50,500,1e-8,double_exp,1e1,1e14,0.5,true,1e-6,2,250,0.01,true
176,/home/sam/Software/PansimNuc/testing/Zymo_chr19.gff,/home/sam/Software/PansimNuc/testing/Zymo_chr19.fasta,/home/sam/Software/PansimNuc/testing/Zymo_EarlGrey_chr19.gff,50,500,1e-8,double_exp,1e1,1e14,0.5,true,1e-6,2,250,0.1,true
177,/home/sam/Software/PansimNuc/testing/Zymo_chr19.gff,/home/sam/Software/PansimNuc/testing/Zymo_chr19.fasta,/home/sam/Software/PansimNuc/testing/Zymo_EarlGrey_chr19.gff,50,500,1e-8,double_exp,1e1,1e14,0.5,true,1e-4,2,250,0.0,true
178,/home/sam/Software/PansimNuc/testing/Zymo_chr19.gff,/home/sam/Software/PansimNuc/testing/Zymo_chr19.fasta,/home/sam/Software/PansimNuc/testing/Zymo_EarlGrey_chr19.gff,50,500,1e-8,double_exp,1e1,1e14,0.5,true,1e-4,2,250,0.01,true
179,/home/sam/Software/PansimNuc/testing/Zymo_chr19.gff,/home/sam/Software/PansimNuc/testing/Zymo_chr19.fasta,/home/sam/Software/PansimNuc/testing/Zymo_EarlGrey_chr19.gff,50,500,1e-8,double_exp,1e1,1e14,0.5,true,1e-4,2,250,0.1,true
180,/home/sam/Software/PansimNuc/testing/Zymo_chr19.gff,/home/sam/Software/PansimNuc/testing/Zymo_chr19.fasta,/home/sam/Software/PansimNuc/testing/Zymo_EarlGrey_chr19.gff,50,500,1e-8,double_exp,1e1,1e14,0.9,true,1e-8,2,250,0.0,true
181,/home/sam/Software/PansimNuc/testing/Zymo_chr19.gff,/home/sam/Software/PansimNuc/testing/Zymo_chr19.fasta,/home/sam/Software/PansimNuc/testing/Zymo_EarlGrey_chr19.gff,50,500,1e-8,double_exp,1e1,1e14,0.9,true,1e-8,2,250,0.01,true
182,/home/sam/Software/PansimNuc/testing/Zymo_chr19.gff,/home/sam/Software/PansimNuc/testing/Zymo_chr19.fasta,/home/sam/Software/PansimNuc/testing/Zymo_EarlGrey_chr19.gff,50,500,1e-8,double_exp,1e1,1e14,0.9,true,1e-8,2,250,0.1,true
183,/home/sam/Software/PansimNuc/testing/Zymo_chr19.gff,/home/sam/Software/PansimNuc/testing/Zymo_chr19.fasta,/home/sam/Software/PansimNuc/testing/Zymo_EarlGrey_chr19.gff,50,500,1e-8,double_exp,1e1,1e14,0.9,true,1e-6,2,250,0.0,true
184,/home/sam/Software/PansimNuc/testing/Zymo_chr19.gff,/home/sam/Software/PansimNuc/testing/Zymo_chr19.fasta,/home/sam/Software/PansimNuc/testing/Zymo_EarlGrey_chr19.gff,50,500,1e-8,double_exp,1e1,1e14,0.9,true,1e-6,2,250,0.01,true
185,/home/sam/Software/PansimNuc/testing/Zymo_chr19.gff,/home/sam/Software/PansimNuc/testing/Zymo_chr19.fasta,/home/sam/Software/PansimNuc/testing/Zymo_EarlGrey_chr19.gff,50,500,1e-8,double_exp,1e1,1e14,0.9,true,1e-6,2,250,0.1,true
186,/home/sam/Software/PansimNuc/testing/Zymo_chr19.gff,/home/sam/Software/PansimNuc/testing/Zymo_chr19.fasta,/home/sam/Software/PansimNuc/testing/Zymo_EarlGrey_chr19.gff,50,500,1e-8,double_exp,1e1,1e14,0.9,true,1e-4,2,250,0.0,true
187,/home/sam/Software/PansimNuc/testing/Zymo_chr19.gff,/home/sam/Software/PansimNuc/testing/Zymo_chr19.fasta,/home/sam/Software/PansimNuc/testing/Zymo_EarlGrey_chr19.gff,50,500,1e-8,double_exp,1e1,1e14,0.9,true,1e-4,2,250,0.01,true
188,/home/sam/Software/PansimNuc/testing/Zymo_chr19.gff,/home/sam/Software/PansimNuc/testing/Zymo_chr19.fasta,/home/sam/Software/PansimNuc/testing/Zymo_EarlGrey_chr19.gff,50,500,1e-8,double_exp,1e1,1e14,0.9,true,1e-4,2,250,0.1,true
189,/home/sam/Software/PansimNuc/testing/Zymo_chr19.gff,/home/sam/Software/PansimNuc/testing/Zymo_chr19.fasta,/home/sam/Software/PansimNuc/testing/Zymo_EarlGrey_chr19.gff,50,500,1e-8,double_exp,1e1,1e7,0.1,true,1e-8,2,250,0.0,true
190,/home/sam/Software/PansimNuc/testing/Zymo_chr19.gff,/home/sam/Software/PansimNuc/testing/Zymo_chr19.fasta,/home/sam/Software/PansimNuc/testing/Zymo_EarlGrey_chr19.gff,50,500,1e-8,double_exp,1e1,1e7,0.1,true,1e-8,2,250,0.01,true
191,/home/sam/Software/PansimNuc/testing/Zymo_chr19.gff,/home/sam/Software/PansimNuc/testing/Zymo_chr19.fasta,/home/sam/Software/PansimNuc/testing/Zymo_EarlGrey_chr19.gff,50,500,1e-8,double_exp,1e1,1e7,0.1,true,1e-8,2,250,0.1,true
192,/home/sam/Software/PansimNuc/testing/Zymo_chr19.gff,/home/sam/Software/PansimNuc/testing/Zymo_chr19.fasta,/home/sam/Software/PansimNuc/testing/Zymo_EarlGrey_chr19.gff,50,500,1e-8,double_exp,1e1,1e7,0.1,true,1e-6,2,250,0.0,true
193,/home/sam/Software/PansimNuc/testing/Zymo_chr19.gff,/home/sam/Software/PansimNuc/testing/Zymo_chr19.fasta,/home/sam/Software/PansimNuc/testing/Zymo_EarlGrey_chr19.gff,50,500,1e-8,double_exp,1e1,1e7,0.1,true,1e-6,2,250,0.01,true
194,/home/sam/Software/PansimNuc/testing/Zymo_chr19.gff,/home/sam/Software/PansimNuc/testing/Zymo_chr19.fasta,/home/sam/Software/PansimNuc/testing/Zymo_EarlGrey_chr19.gff,50,500,1e-8,double_exp,1e1,1e7,0.1,true,1e-6,2,250,0.1,true
195,/home/sam/Software/PansimNuc/testing/Zymo_chr19.gff,/home/sam/Software/PansimNuc/testing/Zymo_chr19.fasta,/home/sam/Software/PansimNuc/testing/Zymo_EarlGrey_chr19.gff,50,500,1e-8,double_exp,1e1,1e7,0.1,true,1e-4,2,250,0.0,true
196,/home/sam/Software/PansimNuc/testing/Zymo_chr19.gff,/home/sam/Software/PansimNuc/testing/Zymo_chr19.fasta,/home/sam/Software/PansimNuc/testing/Zymo_EarlGrey_chr19.gff,50,500,1e-8,double_exp,1e1,1e7,0.1,true,1e-4,2,250,0.01,true
197,/home/sam/Software/PansimNuc/testing/Zymo_chr19.gff,/home/sam/Software/PansimNuc/testing/Zymo_chr19.fasta,/home/sam/Software/PansimNuc/testing/Zymo_EarlGrey_chr19.gff,50,500,1e-8,double_exp,1e1,1e7,0.1,true,1e-4,2,250,0.1,true
198,/home/sam/Software/PansimNuc/testing/Zymo_chr19.gff,/home/sam/Software/PansimNuc/testing/Zymo_chr19.fasta,/home/sam/Software/PansimNuc/testing/Zymo_EarlGrey_chr19.gff,50,500,1e-8,double_exp,1e1,1e7,0.5,true,1e-8,2,250,0.0,true
199,/home/sam/Software/PansimNuc/testing/Zymo_chr19.gff,/home/sam/Software/PansimNuc/testing/Zymo_chr19.fasta,/home/sam/Software/PansimNuc/testing/Zymo_EarlGrey_chr19.gff,50,500,1e-8,double_exp,1e1,1e7,0.5,true,1e-8,2,250,0.01,true
200,/home/sam/Software/PansimNuc/testing/Zymo_chr19.gff,/home/sam/Software/PansimNuc/testing/Zymo_chr19.fasta,/home/sam/Software/PansimNuc/testing/Zymo_EarlGrey_chr19.gff,50,500,1e-8,double_exp,1e1,1e7,0.5,true,1e-8,2,250,0.1,true
201,/home/sam/Software/PansimNuc/testing/Zymo_chr19.gff,/home/sam/Software/PansimNuc/testing/Zymo_chr19.fasta,/home/sam/Software/PansimNuc/testing/Zymo_EarlGrey_chr19.gff,50,500,1e-8,double_exp,1e1,1e7,0.5,true,1e-6,2,250,0.0,true
202,/home/sam/Software/PansimNuc/testing/Zymo_chr19.gff,/home/sam/Software/PansimNuc/testing/Zymo_chr19.fasta,/home/sam/Software/PansimNuc/testing/Zymo_EarlGrey_chr19.gff,50,500,1e-8,double_exp,1e1,1e7,0.5,true,1e-6,2,250,0.01,true
203,/home/sam/Software/PansimNuc/testing/Zymo_chr19.gff,/home/sam/Software/PansimNuc/testing/Zymo_chr19.fasta,/home/sam/Software/PansimNuc/testing/Zymo_EarlGrey_chr19.gff,50,500,1e-8,double_exp,1e1,1e7,0.5,true,1e-6,2,250,0.1,true
204,/home/sam/Software/PansimNuc/testing/Zymo_chr19.gff,/home/sam/Software/PansimNuc/testing/Zymo_chr19.fasta,/home/sam/Software/PansimNuc/testing/Zymo_EarlGrey_chr19.gff,50,500,1e-8,double_exp,1e1,1e7,0.5,true,1e-4,2,250,0.0,true
205,/home/sam/Software/PansimNuc/testing/Zymo_chr19.gff,/home/sam/Software/PansimNuc/testing/Zymo_chr19.fasta,/home/sam/Software/PansimNuc/testing/Zymo_EarlGrey_chr19.gff,50,500,1e-8,double_exp,1e1,1e7,0.5,true,1e-4,2,250,0.01,true
206,/home/sam/Software/PansimNuc/testing/Zymo_chr19.gff,/home/sam/Software/PansimNuc/testing/Zymo_chr19.fasta,/home/sam/Software/PansimNuc/testing/Zymo_EarlGrey_chr19.gff,50,500,1e-8,double_exp,1e1,1e7,0.5,true,1e-4,2,250,0.1,true
207,/home/sam/Software/PansimNuc/testing/Zymo_chr19.gff,/home/sam/Software/PansimNuc/testing/Zymo_chr19.fasta,/home/sam/Software/PansimNuc/testing/Zymo_EarlGrey_chr19.gff,50,500,1e-8,double_exp,1e1,1e7,0.9,true,1e-8,2,250,0.0,true
208,/home/sam/Software/PansimNuc/testing/Zymo_chr19.gff,/home/sam/Software/PansimNuc/testing/Zymo_chr19.fasta,/home/sam/Software/PansimNuc/testing/Zymo_EarlGrey_chr19.gff,50,500,1e-8,double_exp,1e1,1e7,0.9,true,1e-8,2,250,0.01,true
209,/home/sam/Software/PansimNuc/testing/Zymo_chr19.gff,/home/sam/Software/PansimNuc/testing/Zymo_chr19.fasta,/home/sam/Software/PansimNuc/testing/Zymo_EarlGrey_chr19.gff,50,500,1e-8,double_exp,1e1,1e7,0.9,true,1e-8,2,250,0.1,true
210,/home/sam/Software/PansimNuc/testing/Zymo_chr19.gff,/home/sam/Software/PansimNuc/testing/Zymo_chr19.fasta,/home/sam/Software/PansimNuc/testing/Zymo_EarlGrey_chr19.gff,50,500,1e-8,double_exp,1e1,1e7,0.9,true,1e-6,2,250,0.0,true
211,/home/sam/Software/PansimNuc/testing/Zymo_chr19.gff,/home/sam/Software/PansimNuc/testing/Zymo_chr19.fasta,/home/sam/Software/PansimNuc/testing/Zymo_EarlGrey_chr19.gff,50,500,1e-8,double_exp,1e1,1e7,0.9,true,1e-6,2,250,0.01,true
212,/home/sam/Software/PansimNuc/testing/Zymo_chr19.gff,/home/sam/Software/PansimNuc/testing/Zymo_chr19.fasta,/home/sam/Software/PansimNuc/testing/Zymo_EarlGrey_chr19.gff,50,500,1e-8,double_exp,1e1,1e7,0.9,true,1e-6,2,250,0.1,true
213,/home/sam/Software/PansimNuc/testing/Zymo_chr19.gff,/home/sam/Software/PansimNuc/testing/Zymo_chr19.fasta,/home/sam/Software/PansimNuc/testing/Zymo_EarlGrey_chr19.gff,50,500,1e-8,double_exp,1e1,1e7,0.9,true,1e-4,2,250,0.0,true
214,/home/sam/Software/PansimNuc/testing/Zymo_chr19.gff,/home/sam/Software/PansimNuc/testing/Zymo_chr19.fasta,/home/sam/Software/PansimNuc/testing/Zymo_EarlGrey_chr19.gff,50,500,1e-8,double_exp,1e1,1e7,0.9,true,1e-4,2,250,0.01,true
215,/home/sam/Software/PansimNuc/testing/Zymo_chr19.gff,/home/sam/Software/PansimNuc/testing/Zymo_chr19.fasta,/home/sam/Software/PansimNuc/testing/Zymo_EarlGrey_chr19.gff,50,500,1e-8,double_exp,1e1,1e7,0.9,true,1e-4,2,250,0.1,true
216,/home/sam/Software/PansimNuc/testing/Zymo_chr19.gff,/home/sam/Software/PansimNuc/testing/Zymo_chr19.fasta,/home/sam/Software/PansimNuc/testing/Zymo_EarlGrey_chr19.gff,50,500,1e-8,double_exp,1e1,1e1,0.1,true,1e-8,2,250,0.0,true
217,/home/sam/Software/PansimNuc/testing/Zymo_chr19.gff,/home/sam/Software/PansimNuc/testing/Zymo_chr19.fasta,/home/sam/Software/PansimNuc/testing/Zymo_EarlGrey_chr19.gff,50,500,1e-8,double_exp,1e1,1e1,0.1,true,1e-8,2,250,0.01,true
218,/home/sam/Software/PansimNuc/testing/Zymo_chr19.gff,/home/sam/Software/PansimNuc/testing/Zymo_chr19.fasta,/home/sam/Software/PansimNuc/testing/Zymo_EarlGrey_chr19.gff,50,500,1e-8,double_exp,1e1,1e1,0.1,true,1e-8,2,250,0.1,true
219,/home/sam/Software/PansimNuc/testing/Zymo_chr19.gff,/home/sam/Software/PansimNuc/testing/Zymo_chr19.fasta,/home/sam/Software/PansimNuc/testing/Zymo_EarlGrey_chr19.gff,50,500,1e-8,double_exp,1e1,1e1,0.1,true,1e-6,2,250,0.0,true
220,/home/sam/Software/PansimNuc/testing/Zymo_chr19.gff,/home/sam/Software/PansimNuc/testing/Zymo_chr19.fasta,/home/sam/Software/PansimNuc/testing/Zymo_EarlGrey_chr19.gff,50,500,1e-8,double_exp,1e1,1e1,0.1,true,1e-6,2,250,0.01,true
221,/home/sam/Software/PansimNuc/testing/Zymo_chr19.gff,/home/sam/Software/PansimNuc/testing/Zymo_chr19.fasta,/home/sam/Software/PansimNuc/testing/Zymo_EarlGrey_chr19.gff,50,500,1e-8,double_exp,1e1,1e1,0.1,true,1e-6,2,250,0.1,true
222,/home/sam/Software/PansimNuc/testing/Zymo_chr19.gff,/home/sam/Software/PansimNuc/testing/Zymo_chr19.fasta,/home/sam/Software/PansimNuc/testing/Zymo_EarlGrey_chr19.gff,50,500,1e-8,double_exp,1e1,1e1,0.1,true,1e-4,2,250,0.0,true
223,/home/sam/Software/PansimNuc/testing/Zymo_chr19.gff,/home/sam/Software/PansimNuc/testing/Zymo_chr19.fasta,/home/sam/Software/PansimNuc/testing/Zymo_EarlGrey_chr19.gff,50,500,1e-8,double_exp,1e1,1e1,0.1,true,1e-4,2,250,0.01,true
224,/home/sam/Software/PansimNuc/testing/Zymo_chr19.gff,/home/sam/Software/PansimNuc/testing/Zymo_chr19.fasta,/home/sam/Software/PansimNuc/testing/Zymo_EarlGrey_chr19.gff,50,500,1e-8,double_exp,1e1,1e1,0.1,true,1e-4,2,250,0.1,true
225,/home/sam/Software/PansimNuc/testing/Zymo_chr19.gff,/home/sam/Software/PansimNuc/testing/Zymo_chr19.fasta,/home/sam/Software/PansimNuc/testing/Zymo_EarlGrey_chr19.gff,50,500,1e-8,double_exp,1e1,1e1,0.5,true,1e-8,2,250,0.0,true
226,/home/sam/Software/PansimNuc/testing/Zymo_chr19.gff,/home/sam/Software/PansimNuc/testing/Zymo_chr19.fasta,/home/sam/Software/PansimNuc/testing/Zymo_EarlGrey_chr19.gff,50,500,1e-8,double_exp,1e1,1e1,0.5,true,1e-8,2,250,0.01,true
227,/home/sam/Software/PansimNuc/testing/Zymo_chr19.gff,/home/sam/Software/PansimNuc/testing/Zymo_chr19.fasta,/home/sam/Software/PansimNuc/testing/Zymo_EarlGrey_chr19.gff,50,500,1e-8,double_exp,1e1,1e1,0.5,true,1e-8,2,250,0.1,true
228,/home/sam/Software/PansimNuc/testing/Zymo_chr19.gff,/home/sam/Software/PansimNuc/testing/Zymo_chr19.fasta,/home/sam/Software/PansimNuc/testing/Zymo_EarlGrey_chr19.gff,50,500,1e-8,double_exp,1e1,1e1,0.5,true,1e-6,2,250,0.0,true
229,/home/sam/Software/PansimNuc/testing/Zymo_chr19.gff,/home/sam/Software/PansimNuc/testing/Zymo_chr19.fasta,/home/sam/Software/PansimNuc/testing/Zymo_EarlGrey_chr19.gff,50,500,1e-8,double_exp,1e1,1e1,0.5,true,1e-6,2,250,0.01,true
230,/home/sam/Software/PansimNuc/testing/Zymo_chr19.gff,/home/sam/Software/PansimNuc/testing/Zymo_chr19.fasta,/home/sam/Software/PansimNuc/testing/Zymo_EarlGrey_chr19.gff,50,500,1e-8,double_exp,1e1,1e1,0.5,true,1e-6,2,250,0.1,true
231,/home/sam/Software/PansimNuc/testing/Zymo_chr19.gff,/home/sam/Software/PansimNuc/testing/Zymo_chr19.fasta,/home/sam/Software/PansimNuc/testing/Zymo_EarlGrey_chr19.gff,50,500,1e-8,double_exp,1e1,1e1,0.5,true,1e-4,2,250,0.0,true
232,/home/sam/Software/PansimNuc/testing/Zymo_chr19.gff,/home/sam/Software/PansimNuc/testing/Zymo_chr19.fasta,/home/sam/Software/PansimNuc/testing/Zymo_EarlGrey_chr19.gff,50,500,1e-8,double_exp,1e1,1e1,0.5,true,1e-4,2,250,0.01,true
233,/home/sam/Software/PansimNuc/testing/Zymo_chr19.gff,/home/sam/Software/PansimNuc/testing/Zymo_chr19.fasta,/home/sam/Software/PansimNuc/testing/Zymo_EarlGrey_chr19.gff,50,500,1e-8,double_exp,1e1,1e1,0.5,true,1e-4,2,250,0.1,true
234,/home/sam/Software/PansimNuc/testing/Zymo_chr19.gff,/home/sam/Software/PansimNuc/testing/Zymo_chr19.fasta,/home/sam/Software/PansimNuc/testing/Zymo_EarlGrey_chr19.gff,50,500,1e-8,double_exp,1e1,1e1,0.9,true,1e-8,2,250,0.0,true
235,/home/sam/Software/PansimNuc/testing/Zymo_chr19.gff,/home/sam/Software/PansimNuc/testing/Zymo_chr19.fasta,/home/sam/Software/PansimNuc/testing/Zymo_EarlGrey_chr19.gff,50,500,1e-8,double_exp,1e1,1e1,0.9,true,1e-8,2,250,0.01,true
236,/home/sam/Software/PansimNuc/testing/Zymo_chr19.gff,/home/sam/Software/PansimNuc/testing/Zymo_chr19.fasta,/home/sam/Software/PansimNuc/testing/Zymo_EarlGrey_chr19.gff,50,500,1e-8,double_exp,1e1,1e1,0.9,true,1e-8,2,250,0.1,true
237,/home/sam/Software/PansimNuc/testing/Zymo_chr19.gff,/home/sam/Software/PansimNuc/testing/Zymo_chr19.fasta,/home/sam/Software/PansimNuc/testing/Zymo_EarlGrey_chr19.gff,50,500,1e-8,double_exp,1e1,1e1,0.9,true,1e-6,2,250,0.0,true
238,/home/sam/Software/PansimNuc/testing/Zymo_chr19.gff,/home/sam/Software/PansimNuc/testing/Zymo_chr19.fasta,/home/sam/Software/PansimNuc/testing/Zymo_EarlGrey_chr19.gff,50,500,1e-8,double_exp,1e1,1e1,0.9,true,1e-6,2,250,0.01,true
239,/home/sam/Software/PansimNuc/testing/Zymo_chr19.gff,/home/sam/Software/PansimNuc/testing/Zymo_chr19.fasta,/home/sam/Software/PansimNuc/testing/Zymo_EarlGrey_chr19.gff,50,500,1e-8,double_exp,1e1,1e1,0.9,true,1e-6,2,250,0.1,true
240,/home/sam/Software/PansimNuc/testing/Zymo_chr19.gff,/home/sam/Software/PansimNuc/testing/Zymo_chr19.fasta,/home/sam/Software/PansimNuc/testing/Zymo_EarlGrey_chr19.gff,50,500,1e-8,double_exp,1e1,1e1,0.9,true,1e-4,2,250,0.0,true
241,/home/sam/Software/PansimNuc/testing/Zymo_chr19.gff,/home/sam/Software/PansimNuc/testing/Zymo_chr19.fasta,/home/sam/Software/PansimNuc/testing/Zymo_EarlGrey_chr19.gff,50,500,1e-8,double_exp,1e1,1e1,0.9,true,1e-4,2,250,0.01,true
242,/home/sam/Software/PansimNuc/testing/Zymo_chr19.gff,/home/sam/Software/PansimNuc/testing/Zymo_chr19.fasta,/home/sam/Software/PansimNuc/testing/Zymo_EarlGrey_chr19.gff,50,500,1e-8,double_exp,1e1,1e1,0.9,true,1e-4,2,250,0.1,true
